"stud_id","teach_id","child_num","tc_close_1_","tc_close_2_","tc_close_3_","tc_con_1_","tc_con_2_","tc_close_4_","tc_con_3_","tc_con_4_","tc_con_5_","tc_close_5_","tcrs_ft1","tcrs_as2","tcrs_to1","tcrs_ao1","tcrs_ps1","tcrs_ft2","tcrs_as1","tcrs_ao2","tcrs_to2","tcrs_ps2","tcrs_ao3","tcrs_ft3","tcrs_as3","tcrs_to3","tcrs_ao4","tcrs_ps3","tcrs_ft4","tcrs_as4","tcrs_ao5","tcrs_to4","tcrs_ps4","tcrs_ft5","tcrs_as5","tcrs_ao6","tcrs_to5","tcrs_ps5","brief_1_","brief_2_","brief_3_","brief_4_","brief_5_","brief_6_","brief_7_","brief_8_","brief_9_","brief_10_","brief_11_","brief_12_","tcrs_act","tcrs_task","tcrs_asoc","tcrs_peer","tcrs_fru","brief_flex","brief_ec","brief_wm","HBQTCLO","HBQTCON"
80101,1001,5,4,5,2,1,1,2,1,1,1,2,5,1,2,1,3,4,2,1,2,3,2,5,2,2,1,3,2,5,1,5,3,5,1,1,2,3,0,0,0,0,0,0,0,0,0,0,0,0,1.16666662693024,2.59999990463257,2.20000004768372,3,4.19999980926514,0,0,0,3,1
80116,1001,9,5,5,5,1,1,2,1,1,1,5,5,5,5,1,5,4,5,1,5,5,1,5,5,5,1,5,5,5,1,5,5,5,1,1,5,5,0,0,0,0,0,0,0,0,0,0,0,0,1,5,4.19999980926514,5,4.80000019073486,0,0,0,4.40000009536743,1
80109,1001,7,3,5,5,1,1,2,1,1,1,5,5,2,4,1,3,4,2,1,4,5,1,5,2,2,1,5,2,5,1,5,5,5,1,1,4,4,0,0,0,0,0,0,0,0,0,0,0,0,1,3.79999995231628,2.40000009536743,4.40000009536743,4.19999980926514,0,0,0,4,1
80105,1001,6,5,5,5,1,1,2,1,4,1,5,2,5,4,3,3,4,4,1,4,4,1,5,3,2,1,3,2,5,1,5,3,2,2,1,3,3,0,1,0,0,2,1,1,1,0,0,1,2,1.33333337306976,3.59999990463257,3.79999995231628,3.20000004768372,3,2,6,1,4.40000009536743,1.60000002384186
80123,1001,10,3,5,5,1,1,2,1,1,1,5,5,4,5,1,5,4,5,1,5,4,1,5,5,5,1,5,5,5,1,5,5,5,2,1,5,5,0,0,0,0,0,0,0,0,0,0,0,0,1,5,4.19999980926514,4.80000019073486,4.80000019073486,0,0,0,4,1
80113,1001,8,3,5,2,1,1,2,1,1,1,5,5,3,5,1,5,4,4,1,5,5,1,5,5,5,1,5,5,5,1,5,5,5,1,1,5,5,0,0,0,0,0,0,0,0,0,0,0,0,1,5,3.59999990463257,5,4.80000019073486,0,0,0,3.40000009536743,1
80117,1001,3,2,5,5,2,4,5,5,5,5,2,1,1,2,5,1,1,2,5,1,2,5,1,2,1,5,1,1,5,4,2,1,1,5,5,1,1,1,2,2,2,2,2,1,2,2,2,2,2,4.83333349227905,1.39999997615814,3,1.20000004768372,1,8,8,6,3.79999995231628,4.19999980926514
80120,1001,4,3,5,5,1,1,2,1,1,1,3,5,1,5,1,5,4,3,1,5,5,1,5,2,3,1,4,3,5,1,5,5,5,1,1,5,5,0,0,0,0,0,0,0,0,0,0,0,0,1,4.59999990463257,2.40000009536743,4.80000019073486,4.40000009536743,0,0,0,3.59999990463257,1
80111,1001,2,5,5,5,1,1,2,1,1,1,5,5,2,5,1,5,4,5,1,5,5,1,5,4,5,1,5,5,5,1,5,5,5,2,1,5,5,0,0,0,0,0,0,0,0,0,0,0,0,1,5,3.59999990463257,5,4.80000019073486,0,0,0,4.40000009536743,1
80102,1001,1,5,5,5,1,1,2,1,1,1,5,4,3,5,1,5,4,5,1,5,4,1,4,5,5,1,4,4,5,1,5,4,4,2,3,5,4,0,0,0,0,0,0,0,0,0,0,0,0,1.33333337306976,5,4,4.19999980926514,4,0,0,0,4.40000009536743,1
60210,1002,3,5,5,5,1,1,4,1,1,1,5,5,3,4,1,5,3,2,1,5,5,1,5,3,5,1,5,5,3,1,4,5,5,3,1,3,5,0,0,0,1,0,0,0,0,0,0,0,0,1,4.19999980926514,2.79999995231628,5,4.59999990463257,0,0,1,4.80000019073486,1
60218,1002,10,4,4,4,1,1,4,1,1,1,5,5,4,4,1,2,5,2,1,4,5,1,5,3,5,1,3,5,3,1,4,3,5,3,1,3,5,1,0,0,2,0,1,0,1,0,0,0,0,1,4,3,3.59999990463257,5,1,1,3,4.19999980926514,1
60211,1002,5,4,4,3,2,1,4,1,2,1,3,3,2,3,1,3,1,1,4,1,3,1,4,2,2,1,1,2,2,3,2,3,2,2,3,2,3,1,1,0,1,1,1,2,2,0,0,2,2,2.16666674613953,2,1.79999995231628,2.59999990463257,2.40000009536743,2,7,4,3.59999990463257,1.39999997615814
60221,1002,9,4,3,3,1,1,3,1,1,1,5,5,4,4,1,5,5,5,1,3,5,1,5,3,5,1,4,5,4,1,4,4,5,2,1,4,5,0,0,0,1,0,0,0,0,0,0,0,0,1,4,3.59999990463257,4.59999990463257,5,0,0,1,3.59999990463257,1
60217,1002,2,5,5,5,1,1,4,1,1,1,5,5,4,5,1,5,5,5,1,5,5,1,5,5,5,1,5,5,5,1,5,5,5,3,1,5,5,0,0,0,0,0,0,0,0,0,0,0,0,1,5,4.40000009536743,5,5,0,0,0,4.80000019073486,1
60209,1002,7,4,3,4,2,3,4,2,4,3,3,1,4,4,2,5,1,5,3,5,4,1,3,4,3,4,5,1,4,5,2,2,1,5,4,3,4,2,2,2,2,2,2,0,2,1,0,1,2,3.16666674613953,3.40000009536743,4.40000009536743,4,1.39999997615814,7,7,4,3.59999990463257,2.79999995231628
60206,1002,8,5,4,5,1,1,4,1,1,1,5,5,3,4,1,5,5,5,1,4,5,1,5,3,5,1,4,5,5,1,4,5,5,2,1,2,5,0,0,0,1,0,0,0,0,0,0,0,0,1,3.79999995231628,3.59999990463257,4.80000019073486,5,0,0,1,4.59999990463257,1
60202,1002,4,4,5,5,1,1,4,1,1,1,4,5,4,4,1,5,3,3,1,3,4,1,4,4,4,1,3,4,3,1,4,4,5,4,1,4,5,0,0,0,0,0,0,1,0,0,0,0,0,1,3.79999995231628,3.59999990463257,4.19999980926514,4.19999980926514,0,0,1,4.40000009536743,1
60224,1002,1,5,5,5,1,1,4,1,1,1,5,5,5,5,1,5,5,5,1,5,5,1,5,5,5,1,5,5,5,1,5,5,5,3,1,5,5,0,0,0,0,0,0,0,0,0,0,0,0,1,5,4.59999990463257,5,5,0,0,0,4.80000019073486,1
60223,1002,6,4,3,2,2,3,3,2,4,2,3,2,2,2,3,3,1,2,2,5,2,1,2,1,2,1,1,3,1,4,1,2,2,3,4,2,2,1,2,2,2,2,2,1,2,1,0,0,2,2.5,2.40000009536743,1.79999995231628,2,2,7,6,4,3,2.59999990463257
60320,1003,10,5,5,5,1,1,5,1,2,1,5,4,4,4,2,5,3,4,4,4,3,4,4,4,3,2,4,4,4,2,5,5,5,2,2,4,5,1,1,2,1,1,1,0,1,0,1,0,0,2.66666674613953,4,3.59999990463257,4.40000009536743,4,4,2,3,5,1.20000004768372
60308,1003,7,4,4,4,2,1,3,1,2,1,3,5,2,4,1,5,5,2,2,3,5,3,3,2,3,2,3,4,2,1,5,4,5,1,2,2,4,2,1,0,1,0,1,1,0,0,1,0,0,1.83333337306976,3.40000009536743,1.79999995231628,4.19999980926514,4.40000009536743,2,0,5,3.59999990463257,1.39999997615814
60310,1003,2,5,5,5,1,1,5,1,1,1,5,5,5,5,1,5,5,5,1,5,5,1,5,5,4,1,4,5,4,1,5,5,5,2,1,5,5,0,0,0,0,0,0,0,0,0,0,0,0,1,4.80000019073486,4.19999980926514,4.80000019073486,5,0,0,0,5,1
60304,1003,5,5,5,4,2,1,4,1,1,1,4,4,5,5,1,5,4,5,1,5,5,4,5,4,4,1,4,4,5,1,5,5,4,2,2,5,4,0,1,0,0,1,0,0,1,0,0,0,0,1.66666662693024,4.80000019073486,4.19999980926514,4.59999990463257,4.19999980926514,1,2,0,4.40000009536743,1.20000004768372
60316,1003,6,5,5,5,1,1,4,1,1,1,5,5,4,5,1,5,5,4,1,5,5,4,5,3,4,1,4,5,3,1,5,5,5,1,1,4,5,0,0,0,0,0,0,0,0,0,0,0,0,1.5,4.59999990463257,3,4.80000019073486,5,0,0,0,4.80000019073486,1
60303,1003,8,4,5,5,3,1,5,1,4,1,3,4,2,2,4,5,2,2,4,1,3,1,3,2,1,4,2,4,2,2,5,3,4,2,3,1,4,2,2,2,1,1,1,1,0,1,1,0,2,3,2,2,3.40000009536743,3.40000009536743,6,3,5,4.40000009536743,2
60301,1003,9,4,5,5,3,3,5,4,4,1,4,3,2,1,4,4,1,2,2,1,3,1,3,1,1,4,2,3,2,2,5,3,4,2,4,1,4,2,2,2,1,2,1,1,2,2,1,2,2,2.83333325386047,1.79999995231628,1.79999995231628,3.20000004768372,2.79999995231628,7,8,5,4.59999990463257,3
60309,1003,4,5,5,4,2,1,4,1,1,1,5,5,4,5,1,5,3,4,1,5,5,2,5,4,3,1,4,4,4,1,5,5,5,2,1,4,4,0,0,0,0,0,0,0,0,0,0,0,0,1.16666662693024,4.40000009536743,3.59999990463257,4.59999990463257,4.40000009536743,0,0,0,4.59999990463257,1.20000004768372
60315,1003,3,5,4,4,1,1,4,1,1,1,5,5,4,5,1,5,2,3,1,5,5,1,5,4,4,1,4,4,3,1,5,5,5,1,1,5,4,0,1,0,0,0,0,0,0,0,0,0,0,1,4.80000019073486,3,4.59999990463257,4.19999980926514,1,0,0,4.40000009536743,1
60318,1003,1,5,5,5,1,1,5,1,1,1,5,5,5,5,1,5,5,5,1,5,5,1,5,5,5,1,5,5,4,1,5,5,5,2,1,5,5,0,0,0,0,0,0,0,0,0,0,0,0,1,5,4.19999980926514,5,5,0,0,0,5,1
80415,1004,7,3,2,3,1,1,2,1,2,1,2,4,2,2,2,3,3,2,2,3,3,2,5,2,2,1,3,3,2,1,2,3,4,1,1,2,3,1,0,0,1,0,0,1,0,1,0,0,0,1.5,2.20000004768372,1.79999995231628,3,3.79999995231628,1,0,3,2.40000009536743,1.20000004768372
80411,1004,9,3,3,3,1,3,2,1,2,1,2,4,4,3,2,4,3,4,2,3,4,3,5,3,3,1,4,3,3,1,3,3,4,2,1,3,3,1,1,0,1,0,0,0,0,0,0,0,0,1.66666662693024,3,3.20000004768372,3.59999990463257,3.79999995231628,1,0,2,2.59999990463257,1.60000002384186
80409,1004,4,3,2,3,1,1,2,1,2,1,2,4,2,3,2,4,3,1,2,2,3,2,5,2,4,1,3,4,2,1,3,4,4,1,1,1,4,2,0,0,1,0,0,1,0,0,1,0,0,1.5,2.59999990463257,1.60000002384186,3.59999990463257,4,0,0,5,2.40000009536743,1.20000004768372
80420,1004,1,4,2,3,1,1,2,1,2,1,3,4,2,5,2,4,4,3,2,4,4,2,5,4,4,1,3,4,4,1,4,4,4,2,1,4,4,0,0,0,0,0,0,0,0,0,0,0,0,1.5,4.19999980926514,3,3.79999995231628,4.19999980926514,0,0,0,2.79999995231628,1.20000004768372
80407,1004,10,4,4,4,1,1,3,1,3,1,4,3,4,4,2,5,3,5,2,4,5,2,5,4,3,4,4,3,5,1,4,4,4,2,1,3,5,0,1,0,0,0,0,0,0,0,0,0,0,2,3.59999990463257,4,4.59999990463257,3.59999990463257,1,0,0,3.79999995231628,1.39999997615814
80419,1004,8,5,4,4,1,1,3,1,1,1,4,3,4,4,2,4,4,5,2,2,5,2,4,5,4,2,4,3,5,1,4,5,4,3,1,3,5,0,0,0,0,0,0,0,0,0,0,0,0,1.66666662693024,3.40000009536743,4.40000009536743,4.59999990463257,3.59999990463257,0,0,0,4,1
80404,1004,5,4,3,3,1,1,4,1,2,1,4,4,4,5,2,5,4,5,2,4,5,2,4,4,4,2,4,4,5,1,5,4,4,3,1,4,5,1,1,0,0,0,0,0,0,0,0,0,0,1.66666662693024,4.40000009536743,4.19999980926514,4.59999990463257,4,1,0,1,3.59999990463257,1.20000004768372
80405,1004,6,5,4,4,1,1,5,1,2,1,4,3,2,4,1,2,3,2,1,4,4,2,5,3,3,1,2,3,3,1,2,3,4,1,1,2,3,1,1,0,2,0,0,1,0,0,1,0,0,1.16666662693024,3,2.20000004768372,2.79999995231628,3.59999990463257,1,0,5,4.40000009536743,1.20000004768372
80423,1004,2,4,2,3,1,1,2,1,2,1,3,4,4,5,3,4,4,5,2,3,5,2,5,4,4,1,4,4,5,1,4,4,4,3,1,4,4,0,0,0,0,0,0,0,0,0,0,0,0,1.66666662693024,4,4.19999980926514,4.19999980926514,4.19999980926514,0,0,0,2.79999995231628,1.20000004768372
80422,1004,3,4,4,4,4,5,4,2,5,4,5,1,4,2,5,2,2,5,5,1,3,5,2,3,1,4,2,2,4,3,1,2,1,4,4,1,2,2,2,1,2,2,1,1,2,1,1,1,1,4.33333349227905,1.20000004768372,4,2.20000004768372,1.60000002384186,5,6,6,4.19999980926514,4
10522,1005,4,4,4,3,4,4,4,2,4,3,3,2,2,1,5,2,2,2,5,1,3,5,2,3,1,4,2,2,4,5,1,1,2,3,4,1,2,2,2,2,2,2,2,1,2,2,2,1,2,4.66666650772095,1,2.79999995231628,2,2,8,7,7,3.59999990463257,3.40000009536743
10517,1005,9,4,4,4,2,3,4,3,2,4,4,2,3,4,3,3,3,4,3,3,4,3,3,4,3,4,3,2,4,2,4,3,2,4,3,3,4,1,1,0,1,1,1,0,1,1,0,1,1,3,3.40000009536743,3.79999995231628,3.40000009536743,2.40000009536743,3,4,2,4,2.79999995231628
10502,1005,6,4,3,3,2,2,3,2,2,2,3,4,2,2,2,3,3,2,2,2,4,2,5,2,3,2,3,3,3,2,2,3,3,2,2,3,3,2,0,0,2,0,1,2,1,1,2,0,0,2,2.40000009536743,2.20000004768372,3.20000004768372,3.59999990463257,2,1,8,3.20000004768372,2
10514,1005,7,4,3,3,4,3,3,3,4,4,4,2,2,2,4,3,3,2,4,2,4,3,2,3,1,3,3,2,4,3,2,3,2,4,4,2,4,2,1,0,1,2,1,0,2,2,1,1,1,3.5,1.79999995231628,3,3.40000009536743,2.20000004768372,4,6,4,3.40000009536743,3.59999990463257
10507,1005,1,4,4,4,1,1,4,1,1,2,4,4,3,5,2,4,4,4,1,5,5,2,5,4,3,2,4,4,4,1,5,4,4,3,1,5,4,0,0,0,0,0,1,0,0,1,0,0,0,1.5,4.59999990463257,3.59999990463257,4.19999980926514,4.19999980926514,2,0,0,4,1.20000004768372
10518,1005,3,4,4,3,2,2,3,2,2,2,3,4,4,5,3,4,4,5,2,5,4,3,3,5,4,3,4,4,4,2,5,4,5,4,2,4,4,0,0,0,0,0,1,0,1,1,0,0,1,2.5,4.59999990463257,4.40000009536743,4,4,2,2,0,3.40000009536743,2
10512,1005,5,3,3,3,2,2,2,2,2,2,2,4,2,3,2,4,3,2,2,4,4,2,5,3,3,2,3,3,2,2,2,3,3,3,2,3,3,1,0,0,1,0,1,0,1,1,0,0,0,2,3,2.40000009536743,3.40000009536743,3.59999990463257,2,1,2,2.59999990463257,2
10509,1005,2,4,4,3,4,2,2,2,4,2,3,4,3,4,4,4,3,2,3,4,5,4,3,2,1,2,4,3,3,2,2,3,3,3,3,3,4,1,0,0,1,1,1,0,1,1,0,0,2,3,2.79999995231628,2.59999990463257,4,3.20000004768372,2,4,2,3.20000004768372,2.79999995231628
10524,1005,8,4,4,4,4,2,5,2,4,2,3,3,2,2,4,3,3,2,3,3,4,5,2,5,2,5,3,4,5,2,2,2,4,3,3,3,3,1,0,0,1,0,1,1,2,2,1,0,1,3.66666674613953,2.40000009536743,3.40000009536743,3,3.20000004768372,3,3,4,4,2.79999995231628
10511,1005,10,4,4,3,2,2,3,2,2,3,3,3,2,1,1,2,3,3,2,3,4,2,5,2,3,2,2,3,2,1,1,3,4,2,1,3,3,1,1,0,1,0,1,1,1,2,1,0,1,1.5,2.20000004768372,2.20000004768372,2.79999995231628,3.59999990463257,4,2,4,3.40000009536743,2.20000004768372
70607,1006,3,,,,,,4,1,1,1,4,4,3,4,1,3,3,4,1,3,5,1,5,4,4,1,4,3,3,1,2,4,3,1,1,2,4,1,1,0,2,0,0,0,0,2,0,0,0,1,3,3,4,3.59999990463257,3,0,3,4,1
70612,1006,10,,,,,,5,1,1,4,4,2,4,4,3,4,5,5,1,2,4,1,4,5,3,2,4,3,5,1,5,4,3,3,3,4,4,0,2,1,0,1,1,0,2,0,0,1,2,1.83333337306976,3.59999990463257,4.40000009536743,4,3.40000009536743,4,6,0,4.5,2
70605,1006,7,5,3,5,4,4,4,1,1,1,4,4,3,3,1,4,3,3,1,3,5,1,5,3,3,1,4,4,3,1,3,4,3,1,2,2,4,2,1,0,2,0,0,0,0,2,0,0,0,1.16666662693024,2.79999995231628,2.59999990463257,4.19999980926514,3.79999995231628,3,0,4,4.19999980926514,2.20000004768372
70620,1006,6,5,3,4,1,1,4,1,1,1,4,4,3,5,1,3,3,3,1,4,5,1,5,4,3,2,4,3,4,1,2,4,2,2,2,2,4,2,1,1,2,0,1,0,1,0,0,0,1,1.33333337306976,3.20000004768372,3.20000004768372,4,3.40000009536743,3,2,4,4,1
70618,1006,5,5,3,4,1,1,3,1,1,1,4,5,4,5,1,4,2,5,1,3,5,1,5,4,4,1,5,4,3,1,5,5,4,1,1,3,4,0,0,0,0,0,0,0,0,0,0,0,0,1,4,3.40000009536743,4.59999990463257,4,0,0,0,3.79999995231628,1
70602,1006,1,4,3,3,1,1,3,1,1,1,2,5,3,5,1,3,5,3,1,5,5,1,5,3,5,1,4,4,2,1,5,5,4,1,1,3,4,0,0,0,0,0,0,0,0,0,0,0,0,1,4.59999990463257,2.40000009536743,4.19999980926514,4.59999990463257,0,0,0,3,1
70610,1006,9,5,3,4,1,1,1,1,1,1,2,5,1,5,1,3,2,2,1,3,4,1,5,3,3,1,3,4,3,1,3,3,3,1,1,2,4,2,0,0,2,0,0,0,0,1,0,0,0,1,3.20000004768372,2,3.40000009536743,3.79999995231628,1,0,4,3,1
70603,1006,8,5,3,5,2,1,3,1,1,1,4,5,3,5,1,4,2,5,1,3,5,1,5,5,5,1,5,4,3,1,5,5,5,1,1,4,5,0,0,0,0,0,0,0,0,0,0,0,0,1,4.40000009536743,3.40000009536743,4.80000019073486,4.19999980926514,0,0,0,4,1.20000004768372
70608,1006,4,,,,,,5,5,2,4,2,1,3,2,4,2,4,1,1,2,2,2,1,2,2,2,2,1,1,1,1,2,1,5,5,1,2,2,2,1,2,2,2,0,2,2,0,2,2,2.5,1.60000002384186,2.40000009536743,2,1.60000002384186,7,8,4,3.5,3.66666674613953
70604,1006,2,5,3,5,1,1,4,4,2,4,4,1,5,5,1,3,1,3,1,2,3,1,4,4,5,1,3,1,5,1,5,3,2,3,2,5,3,0,2,0,0,1,1,0,2,0,0,2,2,1.16666662693024,4.40000009536743,4,3,1.79999995231628,3,7,0,4.19999980926514,2.40000009536743
80712,1007,6,3,2,2,4,2,1,4,4,3,2,3,2,3,3,3,3,2,2,4,2,3,3,2,3,1,3,3,2,2,4,2,3,4,2,3,2,1,1,0,0,0,0,0,0,0,0,0,0,2.16666674613953,3.40000009536743,2.40000009536743,2.40000009536743,3,1,0,1,2,3.40000009536743
80707,1007,3,5,4,4,3,4,4,3,4,3,3,3,3,4,3,3,3,2,3,3,3,3,2,2,3,3,3,3,3,4,4,2,3,4,3,2,3,1,0,0,0,0,1,1,0,0,0,0,0,3.16666674613953,3.20000004768372,2.79999995231628,2.79999995231628,2.79999995231628,1,0,2,4,3.40000009536743
80704,1007,2,5,5,5,4,3,5,3,5,3,5,2,2,4,2,4,4,4,5,4,3,2,1,3,1,4,4,2,4,4,3,3,2,4,4,4,4,1,1,0,0,1,0,0,1,2,0,1,1,3.5,3.20000004768372,3.40000009536743,3.59999990463257,2.20000004768372,3,4,1,5,3.59999990463257
80717,1007,10,4,4,5,4,4,4,4,5,3,5,2,4,3,2,4,2,3,4,4,3,2,1,3,2,4,4,1,3,4,3,3,1,,4,3,3,0,2,0,0,2,1,0,2,2,0,1,2,3.33333325386047,3,3.25,3.40000009536743,1.39999997615814,5,7,0,4.40000009536743,4
80715,1007,9,5,4,4,1,3,4,2,2,3,3,5,3,4,3,4,3,3,3,4,5,3,5,3,3,1,4,2,2,1,4,4,4,2,1,4,5,0,0,0,0,0,0,0,0,1,0,0,0,2,3.79999995231628,2.59999990463257,4.40000009536743,3.79999995231628,1,0,0,4,2.20000004768372
80721,1007,8,5,4,4,2,3,4,2,4,3,4,4,3,4,3,2,3,2,3,3,4,3,3,2,3,3,2,3,2,1,3,2,4,2,1,3,2,1,0,0,1,0,1,1,0,1,1,0,0,2.33333325386047,3.20000004768372,2.20000004768372,2.40000009536743,3.40000009536743,2,0,4,4.19999980926514,2.79999995231628
80703,1007,1,4,4,5,4,4,4,4,5,3,4,2,3,4,2,3,2,4,4,4,4,3,2,4,2,4,3,2,4,2,3,3,2,4,4,3,3,1,2,0,1,0,1,0,1,1,0,0,0,3.16666674613953,3.20000004768372,3.79999995231628,3.20000004768372,2,4,1,2,4.19999980926514,4
80718,1007,5,4,1,1,1,1,1,1,1,1,1,4,3,3,3,3,4,2,3,3,3,3,4,2,3,3,4,3,3,1,3,3,4,3,1,2,4,1,0,0,1,0,0,0,0,0,0,0,0,2.33333325386047,2.79999995231628,2.59999990463257,3.40000009536743,3.79999995231628,0,0,2,1.60000002384186,1
80709,1007,4,5,5,4,1,2,5,2,3,3,4,4,3,4,3,3,4,5,3,5,4,4,4,4,3,3,4,3,4,1,5,4,4,4,1,5,5,0,0,0,0,0,0,0,0,1,0,0,0,2.5,4.40000009536743,4,4,3.79999995231628,1,0,0,4.59999990463257,2.20000004768372
80716,1007,7,5,4,4,2,4,5,3,4,3,4,3,4,3,3,3,3,4,3,3,4,3,3,3,3,3,3,3,4,2,4,3,2,4,2,2,4,1,1,0,0,1,0,1,1,2,1,0,0,2.66666674613953,3,3.79999995231628,3.40000009536743,2.79999995231628,3,2,3,4.40000009536743,3.20000004768372
70819,1008,4,5,3,1,1,1,2,1,1,2,5,4,3,5,1,3,4,5,5,5,5,1,5,3,4,1,3,3,2,1,5,2,5,1,1,5,4,0,0,0,0,0,0,0,0,0,0,0,0,1.66666662693024,4.80000019073486,2.79999995231628,3.40000009536743,4.19999980926514,0,0,0,3.20000004768372,1.20000004768372
70804,1008,2,4,3,1,1,1,3,2,2,2,5,4,3,4,1,3,2,3,4,2,4,1,2,3,3,5,4,1,2,2,3,2,2,2,1,3,3,1,1,2,1,1,1,1,2,1,1,0,1,2.33333325386047,3,2.59999990463257,3.20000004768372,2.20000004768372,5,4,4,3.20000004768372,1.60000002384186
70803,1008,5,5,4,1,1,1,4,1,4,2,5,2,3,3,3,2,1,3,2,2,3,3,3,3,2,4,3,2,4,1,2,2,2,3,2,2,3,1,1,1,1,2,1,1,1,0,1,1,1,2.5,2.20000004768372,3.20000004768372,2.59999990463257,2,3,5,4,3.79999995231628,1.79999995231628
70814,1008,9,5,3,1,1,1,4,1,5,2,5,2,3,3,2,3,1,3,3,2,2,2,3,2,2,4,2,2,3,4,2,2,2,2,2,2,2,1,2,2,1,2,2,1,2,1,1,1,2,2.83333325386047,2.20000004768372,2.59999990463257,2.20000004768372,2,7,7,4,3.59999990463257,2
70807,1008,7,5,3,1,1,1,4,1,4,2,5,2,3,3,3,5,2,3,3,2,3,3,2,3,1,4,5,1,2,3,2,4,2,2,2,2,5,1,2,1,2,1,1,1,2,1,1,1,1,3,2,2.59999990463257,4.40000009536743,1.79999995231628,5,5,5,3.59999990463257,1.79999995231628
70801,1008,1,5,3,1,3,3,5,3,4,2,5,2,3,5,2,4,2,5,2,2,2,3,2,5,3,5,4,1,5,4,4,2,1,3,4,5,3,0,2,1,0,1,1,0,2,0,0,0,1,3.33333325386047,3.79999995231628,4.19999980926514,3,1.60000002384186,4,4,0,3.79999995231628,3
70818,1008,8,5,3,1,1,1,3,1,4,2,5,4,3,2,2,4,2,3,3,2,3,2,4,2,1,4,3,2,3,2,2,3,3,3,2,2,3,1,1,1,1,1,1,1,0,1,1,0,0,2.5,1.79999995231628,2.79999995231628,3.20000004768372,3,4,1,4,3.40000009536743,1.79999995231628
70806,1008,6,5,4,1,1,1,5,1,5,2,5,1,3,1,5,2,2,2,1,1,1,5,1,1,2,5,2,1,3,5,1,2,1,5,5,1,2,1,2,2,2,2,2,1,2,2,1,2,2,4.33333349227905,1.20000004768372,2.79999995231628,1.79999995231628,1.20000004768372,8,8,5,4,2
70813,1008,3,4,3,1,1,1,2,1,1,2,5,4,3,3,1,2,4,2,4,2,5,1,3,2,3,2,3,2,1,1,1,2,2,1,1,3,3,1,0,0,2,0,1,1,0,1,1,0,0,1.66666662693024,2.40000009536743,1.79999995231628,3,3,2,0,5,3,1.20000004768372
70811,1008,10,5,3,1,1,1,5,1,4,2,5,3,3,5,2,4,3,4,4,3,3,2,3,4,5,4,4,1,1,2,5,2,3,3,2,5,3,0,1,0,0,1,1,0,2,1,0,2,2,2.66666674613953,4.59999990463257,3,3.20000004768372,2.59999990463257,3,7,0,3.79999995231628,1.79999995231628
40907,1009,7,3,2,2,5,5,4,1,5,2,4,3,2,2,5,2,2,4,5,1,3,4,4,2,1,2,3,3,3,2,1,2,3,3,3,2,3,2,1,0,2,1,1,1,0,2,2,0,0,3.5,1.39999997615814,2.79999995231628,2.59999990463257,3,4,1,7,3,3.59999990463257
40928,1009,6,3,3,3,1,1,5,1,4,1,4,3,3,5,2,1,3,2,3,2,3,1,5,3,3,3,2,3,4,3,2,2,3,1,2,4,2,1,0,0,1,1,1,0,1,1,0,0,1,2.33333325386047,3.20000004768372,2.59999990463257,2,3.40000009536743,2,3,2,3.59999990463257,1.60000002384186
40909,1009,2,3,3,4,1,1,4,1,1,1,4,5,3,5,1,5,4,3,2,5,5,2,5,3,4,5,5,5,4,1,5,5,4,1,1,5,5,0,0,0,0,0,0,0,0,0,0,0,0,2,4.80000019073486,2.79999995231628,5,4.59999990463257,0,0,0,3.59999990463257,1
40924,1009,8,2,3,2,5,5,3,1,5,2,4,3,3,1,5,2,2,5,4,1,3,4,4,2,1,3,3,3,2,3,1,2,3,3,3,1,3,2,1,0,2,1,1,1,0,2,2,0,0,3.66666674613953,1,3,2.59999990463257,3,4,1,7,2.79999995231628,3.59999990463257
40929,1009,4,3,3,3,1,1,3,1,,1,3,5,3,5,1,5,5,4,3,5,5,2,5,4,4,5,5,4,4,1,5,5,5,1,1,5,5,0,0,0,0,0,0,0,0,0,0,0,0,2.16666674613953,4.80000019073486,3.20000004768372,5,4.80000019073486,0,0,0,3,1
40922,1009,3,3,2,2,2,2,2,1,4,1,4,5,3,3,2,4,4,3,1,4,5,1,5,4,4,5,5,5,4,1,3,5,4,1,2,4,5,1,0,0,0,1,0,0,0,1,0,0,0,2,3.59999990463257,3,4.80000019073486,4.59999990463257,1,1,1,2.59999990463257,2
40912,1009,9,3,3,2,2,1,3,1,1,1,3,5,3,5,2,4,4,4,2,5,4,2,5,2,5,5,4,5,2,1,5,4,5,1,1,5,5,0,0,0,0,0,0,0,0,0,0,0,0,2.16666674613953,5,2.40000009536743,4.19999980926514,4.80000019073486,0,0,0,2.79999995231628,1.20000004768372
40902,1009,10,5,4,4,1,2,5,1,3,2,4,3,2,5,2,3,2,3,2,4,3,2,3,3,4,4,3,2,3,3,5,2,2,2,3,5,3,0,1,0,0,1,0,0,2,1,1,0,2,2.66666674613953,4.59999990463257,2.59999990463257,2.79999995231628,2.40000009536743,2,5,1,4.40000009536743,1.79999995231628
40925,1009,1,5,3,4,1,1,5,1,1,1,4,5,2,5,1,5,5,3,1,5,5,1,5,3,5,5,5,5,4,1,5,5,5,1,1,5,5,0,0,0,0,0,0,0,0,0,0,0,0,1.66666662693024,5,2.59999990463257,5,5,0,0,0,4.19999980926514,1
40916,1009,5,4,3,3,1,1,4,1,2,1,3,5,2,4,1,4,4,3,2,2,4,2,5,3,3,5,4,4,3,1,4,4,4,1,1,4,5,0,0,0,1,0,0,0,0,1,0,0,0,2,3.40000009536743,2.40000009536743,4.19999980926514,4.40000009536743,1,0,1,3.40000009536743,1.20000004768372
31021,1010,4,5,5,5,2,1,4,2,1,1,5,4,5,5,1,5,5,5,1,5,5,1,5,5,5,1,5,5,5,1,5,5,5,5,1,5,5,0,0,0,0,0,0,0,0,0,0,0,0,1,5,5,5,4.80000019073486,0,0,0,4.80000019073486,1.39999997615814
31001,1010,1,4,4,5,4,1,5,2,4,1,4,3,3,5,2,5,5,5,1,3,5,1,3,5,4,2,4,3,5,1,4,5,4,5,2,5,4,2,1,0,0,0,1,0,0,1,1,0,0,1.5,4.19999980926514,4.59999990463257,4.59999990463257,3.59999990463257,3,0,3,4.40000009536743,2.40000009536743
31002,1010,10,5,5,4,2,1,4,2,2,2,4,3,3,5,1,4,3,4,1,4,5,2,4,3,4,2,4,4,3,1,5,5,3,2,2,4,4,0,1,1,0,0,0,0,0,0,0,0,1,1.5,4.40000009536743,3,4.40000009536743,3.40000009536743,2,1,0,4.40000009536743,1.79999995231628
31022,1010,9,4,4,4,5,3,4,3,4,2,2,2,2,2,3,3,3,2,3,3,3,2,3,1,3,3,3,4,1,1,3,3,3,1,1,3,2,1,1,1,1,0,1,0,0,0,0,0,0,2.16666674613953,2.79999995231628,1.39999997615814,2.79999995231628,3,3,0,2,3.59999990463257,3.40000009536743
31014,1010,7,4,4,3,3,2,2,3,2,3,3,3,3,4,2,5,4,3,1,4,4,2,4,3,4,2,4,5,2,1,4,5,4,2,1,3,5,0,0,0,0,0,0,0,0,0,0,0,0,1.5,3.79999995231628,2.59999990463257,4.59999990463257,4,0,0,0,3.20000004768372,2.59999990463257
31019,1010,6,5,4,3,1,1,2,1,1,1,3,4,3,5,1,5,5,4,1,5,5,1,5,4,5,1,5,5,4,1,1,5,5,3,1,3,5,0,0,0,0,0,0,0,0,0,0,0,0,1,3.79999995231628,3.59999990463257,5,4.80000019073486,0,0,0,3.40000009536743,1
31006,1010,2,5,5,4,1,1,4,2,1,1,5,4,3,5,1,4,5,5,1,5,4,1,5,5,5,1,4,5,5,1,5,5,5,4,1,5,5,0,0,0,0,0,0,0,0,0,0,0,0,1,5,4.40000009536743,4.40000009536743,4.80000019073486,0,0,0,4.59999990463257,1.20000004768372
31005,1010,8,3,4,2,4,3,3,4,4,2,2,2,2,4,3,3,2,2,3,3,2,3,3,4,3,2,2,4,2,2,3,3,3,2,2,3,3,1,1,1,1,1,1,1,1,1,1,0,1,2.5,3.20000004768372,2.40000009536743,2.59999990463257,2.79999995231628,4,3,4,2.79999995231628,3.40000009536743
31004,1010,3,5,5,5,1,1,5,2,1,1,5,4,5,5,1,5,5,5,1,5,5,1,5,5,5,1,5,5,5,1,5,5,5,5,1,5,5,0,0,0,0,0,0,0,0,0,0,0,0,1,5,5,5,4.80000019073486,0,0,0,5,1.20000004768372
31007,1010,5,4,3,3,4,3,3,3,3,3,4,4,2,3,3,4,3,2,4,3,3,2,3,2,2,3,4,4,2,2,5,4,3,3,2,2,4,2,1,0,1,1,1,0,1,1,1,0,0,2.66666674613953,3,2.20000004768372,3.79999995231628,3.40000009536743,3,2,4,3.40000009536743,3.20000004768372
71112,1011,5,5,5,4,1,1,5,1,1,1,4,4,3,2,1,2,5,5,1,1,5,5,5,5,5,1,4,4,5,1,4,4,4,1,1,5,5,1,0,0,0,0,0,0,0,0,0,0,0,1.66666662693024,3.40000009536743,3.79999995231628,4,4.40000009536743,0,0,1,4.59999990463257,1
71103,1011,8,5,5,5,1,1,5,1,1,1,5,4,3,3,1,5,1,5,2,5,5,3,5,5,5,1,5,5,5,1,3,5,5,3,1,5,5,1,0,0,1,0,0,0,0,0,0,0,0,1.5,4.19999980926514,4.19999980926514,5,4,0,0,2,5,1
71108,1011,1,4,3,3,1,1,2,1,1,1,3,4,3,5,1,3,4,2,1,5,5,3,2,1,5,1,4,3,2,1,4,4,4,1,1,3,5,1,0,0,0,0,0,0,0,0,0,0,0,1.33333337306976,4.40000009536743,1.79999995231628,4.19999980926514,3.40000009536743,0,0,1,3,1
71109,1011,10,5,5,4,1,1,5,1,1,1,5,4,3,2,1,5,1,5,3,5,5,5,5,5,1,1,5,1,5,1,1,4,1,1,1,3,4,1,0,0,2,0,0,0,0,2,1,0,0,2,2.40000009536743,3.79999995231628,4.59999990463257,2.40000009536743,2,0,4,4.80000019073486,1
71119,1011,7,4,3,3,1,1,3,1,1,1,3,4,3,5,1,5,3,2,5,1,2,5,1,1,1,1,3,3,1,1,1,5,5,1,1,1,5,0,0,0,2,0,0,2,0,2,2,0,0,2.33333325386047,1.79999995231628,1.60000002384186,4,3.20000004768372,2,0,6,3.20000004768372,1
71110,1011,2,4,3,4,1,1,4,1,1,1,4,4,3,3,1,3,4,1,1,4,5,1,2,1,1,1,4,3,1,1,1,3,4,1,1,1,5,1,0,0,2,0,0,1,0,0,2,0,0,1,2,1.39999997615814,4,3.40000009536743,0,0,6,3.79999995231628,1
71114,1011,3,4,3,3,1,1,2,1,1,1,4,4,3,5,1,2,4,3,1,5,5,2,2,1,3,1,1,3,2,1,3,2,4,1,1,3,1,1,0,0,0,0,0,0,0,0,0,0,0,1.16666662693024,3.79999995231628,2,2.20000004768372,3.40000009536743,0,0,1,3.20000004768372,1
71101,1011,4,4,5,5,2,1,4,2,1,1,5,1,3,5,1,2,4,5,1,5,4,3,4,5,5,3,1,1,5,1,5,2,4,1,3,5,2,1,1,0,0,0,0,0,0,0,0,0,0,2,5,3.79999995231628,2.20000004768372,2.79999995231628,1,0,1,4.59999990463257,1.39999997615814
71117,1011,6,4,4,4,1,1,5,1,1,1,4,2,3,5,1,4,1,5,1,3,5,3,5,5,5,1,5,1,5,1,5,5,1,1,1,5,5,2,0,0,0,0,0,0,0,0,0,0,0,1.33333337306976,4.59999990463257,3.79999995231628,4.80000019073486,2,0,0,2,4.19999980926514,1
71104,1011,9,4,5,4,1,1,4,1,1,1,4,4,3,5,1,5,2,5,1,5,5,3,5,5,5,1,5,1,5,1,5,5,5,1,1,5,5,1,0,0,0,0,0,0,0,0,0,0,0,1.33333337306976,5,3.79999995231628,5,3.40000009536743,0,0,1,4.19999980926514,1
51216,1012,10,5,4,2,2,1,2,1,2,1,3,4,2,5,2,5,3,2,3,2,5,2,3,2,4,3,4,3,3,1,3,4,3,1,1,2,5,0,0,0,1,0,0,0,0,0,0,0,0,2,3.20000004768372,2,4.59999990463257,3.20000004768372,0,0,1,3.20000004768372,1.39999997615814
51217,1012,9,5,5,5,5,5,5,1,5,4,5,2,1,2,5,2,1,1,5,1,5,5,3,3,1,5,2,3,3,1,1,1,2,3,2,1,2,2,2,0,2,2,0,1,1,2,1,0,0,3.83333325386047,1.20000004768372,2.20000004768372,2.40000009536743,2.20000004768372,4,3,6,5,4
51219,1012,6,5,5,5,5,4,5,1,5,1,5,2,3,3,4,3,1,2,5,3,3,4,2,5,2,5,3,1,5,4,3,3,1,3,2,2,3,2,2,0,2,2,0,1,0,2,1,0,0,4,2.59999990463257,3.59999990463257,3,1.39999997615814,4,2,6,5,3.20000004768372
51229,1012,2,5,2,3,1,1,2,1,1,1,3,5,5,5,1,2,5,5,1,5,5,1,4,5,5,1,5,4,5,1,5,4,5,4,1,5,5,0,0,0,0,0,0,0,0,0,0,0,0,1,5,4.80000019073486,4.19999980926514,4.59999990463257,0,0,0,3,1
51205,1012,5,5,4,5,5,5,5,1,5,1,5,2,5,3,5,5,3,2,5,2,5,5,1,5,1,4,5,3,5,1,1,4,5,3,2,1,5,2,1,0,2,0,0,1,0,1,2,0,0,3.66666674613953,1.60000002384186,4,4.80000019073486,2.79999995231628,2,0,7,4.80000019073486,3.40000009536743
51226,1012,8,5,5,5,3,1,5,1,2,1,3,5,2,2,2,1,3,1,3,3,5,2,3,2,2,4,1,2,2,1,4,2,3,2,1,1,2,1,1,0,2,0,0,1,0,1,1,0,0,2.16666674613953,2.40000009536743,1.79999995231628,2.20000004768372,3.20000004768372,2,0,5,4.59999990463257,1.60000002384186
51212,1012,4,5,2,4,4,2,4,1,2,1,3,3,5,2,4,4,4,4,4,1,5,5,2,5,4,2,4,5,5,1,2,5,5,4,3,3,5,1,1,0,0,0,0,0,0,0,0,0,0,3.16666674613953,2.40000009536743,4.59999990463257,4.59999990463257,3.79999995231628,1,0,1,3.59999990463257,2
51221,1012,1,5,2,3,1,1,1,1,1,1,2,5,2,5,1,5,5,4,1,5,5,1,4,5,5,1,5,4,5,1,5,5,5,1,1,5,5,0,0,0,0,0,0,0,0,0,0,0,0,1,5,3.40000009536743,5,4.59999990463257,0,0,0,2.59999990463257,1
51206,1012,7,5,4,4,5,4,4,1,4,1,3,2,3,2,4,2,1,1,5,2,2,3,2,2,2,3,2,2,2,4,1,2,2,5,2,1,2,2,2,0,2,1,0,1,0,1,1,0,0,3.5,1.60000002384186,2.59999990463257,2,1.79999995231628,3,1,6,4,3
51202,1012,3,5,5,4,1,1,5,1,1,1,5,5,5,5,1,5,5,5,1,5,5,1,4,5,5,3,5,4,5,1,5,5,5,4,1,5,5,0,0,0,0,0,0,0,0,0,0,0,0,1.33333337306976,5,4.80000019073486,5,4.59999990463257,0,0,0,4.80000019073486,1
11301,1013,3,5,5,5,1,1,5,1,1,1,5,5,3,5,1,5,4,3,1,5,5,2,5,4,4,1,4,4,4,1,4,4,4,3,1,4,5,0,0,0,1,0,0,0,0,0,0,0,0,1.16666662693024,4.40000009536743,3.40000009536743,4.59999990463257,4.40000009536743,0,0,1,5,1
11314,1013,7,3,4,2,3,1,2,1,4,1,1,5,3,2,1,5,4,3,2,2,5,4,5,1,1,1,4,3,1,1,1,4,4,3,1,1,5,2,1,1,2,0,1,2,0,2,2,0,0,1.66666662693024,1.39999997615814,2.20000004768372,4.59999990463257,4.19999980926514,5,0,8,2.40000009536743,2
11311,1013,4,4,4,3,1,1,3,1,3,1,2,5,3,4,1,5,4,3,2,1,5,1,5,2,1,1,4,3,2,1,2,4,4,3,1,1,5,2,1,1,2,0,1,2,0,2,2,0,0,1.16666662693024,1.79999995231628,2.59999990463257,4.59999990463257,4.19999980926514,5,0,8,3.20000004768372,1.39999997615814
11316,1013,6,3,4,3,3,3,3,1,3,1,3,5,3,4,1,5,4,3,2,2,5,3,5,2,1,1,4,3,2,1,2,4,4,3,1,1,5,2,1,1,2,0,1,2,0,2,1,0,0,1.5,2,2.59999990463257,4.59999990463257,4.19999980926514,5,0,7,3.20000004768372,2.20000004768372
11319,1013,8,1,1,1,1,1,1,1,1,1,1,,,,,,,,,,,,,,,,,,,,,,,,,,,,,,,,,,,,,,,,,,,,0,0,0,1,1
11312,1013,5,4,4,2,1,1,2,1,1,1,2,5,3,4,1,5,4,3,2,2,5,1,5,2,1,1,4,3,2,1,2,4,4,3,1,1,5,1,1,1,2,0,1,1,0,2,1,0,0,1.16666662693024,2,2.59999990463257,4.59999990463257,4.19999980926514,5,0,5,2.79999995231628,1
11321,1013,2,5,5,5,1,1,5,1,1,1,4,5,3,5,1,5,4,3,1,5,5,2,5,4,5,1,4,4,3,1,5,4,4,3,1,5,5,0,0,0,0,0,0,0,0,0,0,0,0,1.16666662693024,5,3.20000004768372,4.59999990463257,4.40000009536743,0,0,0,4.80000019073486,1
11320,1013,1,5,5,5,1,1,5,1,1,1,5,5,3,5,1,5,4,3,1,5,5,2,5,4,4,1,4,4,4,1,5,4,4,3,1,5,5,0,0,0,0,0,0,0,0,0,0,0,0,1.16666662693024,4.80000019073486,3.40000009536743,4.59999990463257,4.40000009536743,0,0,0,5,1
11302,1013,9,5,5,5,1,1,5,1,1,1,5,5,3,5,1,5,4,3,1,5,5,1,5,4,4,3,4,4,4,1,4,4,4,3,1,5,5,0,2,0,1,0,0,1,0,0,0,0,0,1.33333337306976,4.59999990463257,3.40000009536743,4.59999990463257,4.40000009536743,2,0,2,5,1
11304,1013,10,4,5,5,1,1,5,1,1,1,5,5,3,5,1,5,4,3,1,5,5,1,5,4,4,2,4,4,4,1,4,4,4,3,1,4,5,0,2,0,1,0,0,1,0,0,0,0,0,1.16666662693024,4.40000009536743,3.40000009536743,4.59999990463257,4.40000009536743,2,0,2,4.80000019073486,1
41420,1014,3,4,4,3,2,1,4,2,1,1,5,4,5,5,3,2,2,5,2,4,2,4,3,5,4,4,2,4,5,3,5,2,4,5,2,5,3,1,0,1,0,1,1,0,1,0,0,0,0,3,4.59999990463257,5,2.20000004768372,3.40000009536743,2,2,1,4,1.39999997615814
41426,1014,10,3,4,4,5,5,4,5,5,1,5,1,4,2,4,2,2,3,4,2,2,4,1,2,2,5,1,1,4,2,1,1,1,5,5,1,1,2,1,1,2,2,2,0,2,1,0,,2,4,1.60000002384186,3.59999990463257,1.39999997615814,1.20000004768372,5,6,4,4,4.19999980926514
41416,1014,2,4,5,3,1,1,4,1,1,1,4,5,5,5,1,5,4,3,1,5,5,2,5,4,4,1,5,4,5,1,5,4,4,4,1,3,5,1,0,1,1,1,1,0,0,0,0,0,0,1.16666662693024,4.40000009536743,4.19999980926514,4.80000019073486,4.40000009536743,2,1,2,4,1
41404,1014,6,4,4,3,1,1,4,1,1,1,4,5,3,5,1,5,4,3,1,4,5,2,5,5,4,1,4,4,5,1,5,4,4,3,1,4,4,1,0,1,1,1,1,0,0,0,0,,0,1.16666662693024,4.40000009536743,3.79999995231628,4.40000009536743,4.40000009536743,2,1,2,3.79999995231628,1
41402,1014,4,4,3,3,1,1,3,1,1,1,4,4,4,5,1,4,4,5,4,4,4,2,4,3,4,1,4,4,4,2,4,3,4,4,1,4,4,1,0,1,1,1,1,0,0,0,0,,0,1.83333337306976,4.19999980926514,4,3.79999995231628,4,2,1,2,3.40000009536743,1
41403,1014,7,5,5,5,1,2,5,2,1,1,5,3,4,5,2,3,2,3,1,3,4,2,4,5,3,4,4,2,5,2,2,3,3,5,2,3,3,1,0,1,1,1,1,0,1,0,0,,1,2.16666674613953,3.20000004768372,4.40000009536743,3.40000009536743,2.79999995231628,2,3,2,5,1.39999997615814
41408,1014,8,4,4,3,2,1,5,1,1,1,4,3,4,5,3,5,2,4,3,4,5,4,3,4,3,3,4,4,5,3,4,4,4,5,2,4,4,1,0,1,1,2,1,0,1,0,0,,1,3,4,4.40000009536743,4.40000009536743,3.20000004768372,2,4,2,4,1.20000004768372
41421,1014,1,4,4,3,1,1,3,1,1,1,4,5,2,4,1,4,4,2,1,3,4,1,5,4,5,1,3,3,3,1,3,3,4,1,1,3,4,1,0,1,1,1,1,0,0,0,0,0,0,1,3.59999990463257,2.40000009536743,3.59999990463257,4.19999980926514,2,1,2,3.59999990463257,1
41422,1014,5,4,3,3,1,1,3,1,1,1,3,5,2,5,1,5,4,3,1,4,5,3,5,2,4,3,4,4,3,1,5,4,4,3,1,4,4,1,0,1,1,1,1,0,0,0,0,,0,1.66666662693024,4.40000009536743,2.59999990463257,4.40000009536743,4.40000009536743,2,1,2,3.20000004768372,1
41423,1014,9,4,4,3,2,1,3,1,1,1,4,4,3,3,2,4,4,3,3,2,4,4,3,2,2,2,4,4,2,2,1,2,4,3,1,2,3,2,0,1,2,1,1,0,1,2,0,,0,2.33333325386047,2,2.59999990463257,3.40000009536743,3.79999995231628,4,2,4,3.59999990463257,1.20000004768372
41519,1015,1,5,2,2,1,1,4,1,1,1,5,4,4,5,1,4,2,4,1,2,4,1,4,5,5,1,5,3,5,1,3,3,3,5,3,5,4,0,0,0,0,0,0,1,0,0,0,0,0,1.33333337306976,4,4.59999990463257,4,3.20000004768372,0,0,1,3.59999990463257,1
41511,1015,9,5,5,5,1,5,5,1,4,1,5,1,3,3,5,3,1,3,4,3,2,5,5,3,1,5,3,2,2,3,5,3,1,4,5,1,3,1,1,2,1,2,2,0,2,2,0,2,2,4.5,2.59999990463257,3,2.79999995231628,2,7,8,2,5,2.40000009536743
41513,1015,6,5,5,5,1,1,5,1,1,1,5,2,5,3,1,5,2,5,4,2,5,3,4,3,3,3,5,3,4,5,5,5,3,5,2,4,5,0,1,0,0,1,0,1,0,0,0,0,0,3,3.40000009536743,4.40000009536743,5,2.79999995231628,1,1,1,5,1
41516,1015,3,5,4,2,1,1,5,1,1,1,5,3,5,5,1,4,2,5,1,1,4,2,4,5,5,1,4,1,5,2,3,3,3,5,4,5,4,0,2,2,0,0,2,1,2,0,1,0,0,1.83333337306976,3.79999995231628,5,3.79999995231628,2.59999990463257,6,2,2,4.19999980926514,1
41514,1015,7,5,5,5,1,1,5,1,4,1,5,1,5,3,5,5,2,4,5,2,5,5,4,3,1,5,5,3,2,5,5,5,4,5,2,2,5,1,1,2,1,1,1,1,1,0,0,0,1,4.5,2.59999990463257,3.79999995231628,5,2.79999995231628,4,3,3,5,1.60000002384186
41512,1015,10,5,5,5,1,1,5,1,1,1,5,4,5,5,1,5,4,5,1,5,5,2,5,5,4,1,5,3,5,1,5,5,3,4,1,5,5,0,0,0,0,0,0,0,0,0,0,0,0,1.16666662693024,4.80000019073486,4.80000019073486,5,3.79999995231628,0,0,0,5,1
41522,1015,8,5,5,5,1,5,5,2,4,1,5,1,3,3,5,1,1,3,1,3,1,4,5,2,1,5,1,2,2,5,5,1,3,3,5,1,1,1,1,2,1,2,2,0,2,0,0,1,1,4.16666650772095,2.59999990463257,2.59999990463257,1,2.40000009536743,5,6,2,5,2.59999990463257
41523,1015,2,5,2,2,1,1,4,1,1,1,5,5,1,5,1,4,5,1,1,1,5,1,5,4,5,1,4,3,4,1,4,5,4,2,1,3,5,2,0,0,1,0,0,2,0,0,2,0,0,1,3.59999990463257,2.40000009536743,4.59999990463257,4.40000009536743,0,0,7,3.59999990463257,1
41520,1015,5,5,5,5,1,1,5,1,1,1,5,5,2,5,1,5,5,4,1,5,5,1,5,3,5,1,5,4,3,1,5,5,3,3,1,4,5,0,0,0,0,0,0,0,0,0,0,0,0,1,4.80000019073486,3,5,4.40000009536743,0,0,0,5,1
41521,1015,4,5,5,5,1,2,5,1,1,1,5,1,5,5,2,4,1,5,1,1,5,3,3,5,5,1,3,2,5,5,3,3,1,5,4,5,4,2,2,1,1,1,1,2,2,1,2,2,2,2.66666674613953,3.79999995231628,5,3.79999995231628,1.60000002384186,5,7,7,5,1.20000004768372
41614,1016,3,5,5,5,1,1,5,1,1,1,5,5,4,5,1,5,3,5,2,3,5,2,4,5,4,2,5,4,5,1,5,5,4,5,1,5,5,1,0,0,0,0,0,0,0,0,0,0,0,1.5,4.40000009536743,4.80000019073486,5,4,0,0,1,5,1
41615,1016,4,5,5,5,1,1,5,1,1,1,5,5,5,5,1,3,3,5,1,4,5,1,5,5,5,2,4,2,5,1,5,3,4,5,1,5,4,0,0,0,0,0,0,0,0,0,0,0,0,1.16666662693024,4.80000019073486,5,3.79999995231628,3.79999995231628,0,0,0,5,1
41625,1016,9,5,5,5,1,1,5,1,1,1,5,5,4,4,1,4,4,4,2,2,5,2,4,5,1,2,4,2,5,1,3,3,5,5,1,3,5,2,0,0,2,0,0,1,0,2,2,0,0,1.5,2.59999990463257,4.59999990463257,4.19999980926514,4,2,0,7,5,1
41613,1016,1,5,4,4,1,1,4,1,1,1,5,5,3,5,1,5,3,2,1,4,4,2,5,3,5,1,5,4,3,1,5,5,5,4,1,5,5,0,0,0,0,0,0,0,0,0,0,0,0,1.16666662693024,4.80000019073486,3,4.80000019073486,4.40000009536743,0,0,0,4.40000009536743,1
41623,1016,6,4,3,5,2,1,4,1,1,1,4,4,3,3,1,2,3,2,1,1,4,2,4,3,2,2,2,4,3,1,2,2,4,4,2,2,3,2,1,0,2,0,1,1,0,2,1,0,0,1.5,2,3,2.59999990463257,3.79999995231628,4,0,6,4,1.20000004768372
41618,1016,2,5,5,5,1,1,5,1,1,1,5,5,5,5,1,2,5,5,1,5,5,1,5,3,5,1,2,4,5,1,5,2,5,5,1,5,4,0,0,0,0,0,0,0,0,0,0,0,0,1,5,4.59999990463257,3,4.80000019073486,0,0,0,5,1
41610,1016,5,5,5,5,1,1,4,1,1,1,5,5,4,5,1,5,3,3,1,5,4,2,5,3,5,1,4,4,4,1,5,4,4,3,1,5,5,0,0,0,0,0,0,0,0,0,0,0,0,1.16666662693024,5,3.40000009536743,4.40000009536743,4.19999980926514,0,0,0,4.80000019073486,1
41607,1016,8,1,1,1,1,1,1,1,1,1,1,,,,,,,,,,,,,,,,,,,,,,,,,,,,,,,,,,,,,,,,,,,,0,0,0,1,1
41606,1016,7,4,3,4,1,1,4,1,1,1,5,5,4,4,1,5,3,3,1,2,5,3,4,3,3,1,5,4,3,1,4,5,4,3,1,4,5,1,0,0,1,0,0,0,0,1,1,0,0,1.33333337306976,3.40000009536743,3.20000004768372,5,4,1,0,3,4,1
41620,1016,10,5,4,5,2,1,5,1,1,1,5,4,3,3,3,5,3,5,2,2,3,3,3,4,1,2,5,4,5,1,3,5,4,4,1,3,5,2,0,0,2,0,0,1,0,2,1,0,0,2,2.40000009536743,4.19999980926514,4.59999990463257,3.59999990463257,2,0,6,4.80000019073486,1.20000004768372
71716,1017,3,4,3,2,1,2,5,1,1,1,4,3,3,4,1,3,3,4,1,4,4,1,1,5,4,1,4,3,4,1,5,5,4,4,1,4,5,0,1,1,0,0,0,0,0,0,0,0,0,1,4.19999980926514,4,4.19999980926514,2.79999995231628,2,0,0,3.59999990463257,1.20000004768372
71702,1017,1,4,3,4,1,2,2,1,1,1,3,3,2,2,1,3,3,2,1,2,3,1,1,1,3,1,2,3,2,1,2,4,3,2,1,3,4,1,1,1,1,0,0,0,0,0,0,0,0,1,2.40000009536743,1.79999995231628,3.20000004768372,2.59999990463257,2,0,2,3.20000004768372,1.20000004768372
71721,1017,5,4,4,2,1,2,2,1,1,1,2,3,2,5,1,2,3,3,1,4,3,1,1,3,5,1,2,4,4,1,5,5,4,4,1,5,4,0,1,1,0,0,0,0,0,0,0,0,0,1,4.80000019073486,3.20000004768372,3.20000004768372,3,2,0,0,2.79999995231628,1.20000004768372
71701,1017,6,5,5,4,1,2,4,1,1,1,4,3,3,3,1,3,3,4,1,4,4,1,1,4,4,1,3,4,4,1,5,4,4,4,1,4,4,0,1,1,0,0,0,0,0,0,0,0,0,1,4,3.79999995231628,3.59999990463257,3,2,0,0,4.40000009536743,1.20000004768372
71718,1017,4,5,4,4,1,2,4,1,1,1,4,3,4,4,1,3,3,4,1,3,4,1,1,5,4,1,4,3,4,1,5,4,4,4,1,4,4,0,1,1,0,0,0,0,0,0,0,0,0,1,4,4.19999980926514,3.79999995231628,2.79999995231628,2,0,0,4.19999980926514,1.20000004768372
71705,1017,2,4,3,2,1,2,2,1,1,1,3,3,3,4,1,3,3,3,1,3,3,1,1,2,4,1,2,3,2,1,4,3,3,2,1,4,3,0,1,1,0,0,0,0,0,0,0,0,0,1,3.79999995231628,2.40000009536743,2.79999995231628,2.59999990463257,2,0,0,2.79999995231628,1.20000004768372
71711,1017,10,5,4,4,1,2,4,4,1,1,4,3,4,3,1,3,3,4,1,2,4,1,1,2,5,1,2,4,2,1,4,3,4,4,1,2,4,1,1,1,0,1,0,0,0,0,0,0,0,1,3.20000004768372,3.20000004768372,3.20000004768372,3,2,1,1,4.19999980926514,1.79999995231628
71708,1017,7,5,5,5,4,4,5,4,2,1,4,2,2,3,2,2,3,2,3,2,5,2,1,3,2,2,3,2,4,1,2,2,2,4,2,2,2,1,1,2,1,1,1,0,1,0,0,0,1,2,2.20000004768372,3,2.79999995231628,2,4,3,2,4.80000019073486,3
71717,1017,8,5,5,5,4,4,4,4,1,1,4,2,2,3,2,2,2,3,1,2,4,1,1,4,4,2,3,2,4,1,2,2,2,4,2,4,3,1,1,1,1,1,1,0,1,1,0,0,0,1.5,3,3.40000009536743,2.79999995231628,1.79999995231628,4,2,2,4.59999990463257,2.79999995231628
71707,1017,9,4,4,4,4,4,4,4,2,1,4,3,4,5,2,2,3,4,1,4,5,3,1,4,5,2,3,4,4,3,5,2,4,5,2,4,3,0,1,1,0,0,0,0,0,0,0,0,0,2.16666674613953,4.59999990463257,4.19999980926514,3,3,2,0,0,4,3
11803,1018,5,5,5,5,1,1,2,1,1,1,3,5,3,5,1,4,5,4,1,4,4,1,5,4,5,1,4,4,3,1,5,4,5,3,1,5,5,0,1,0,0,0,0,0,0,1,0,0,0,1,4.80000019073486,3.40000009536743,4.19999980926514,4.80000019073486,2,0,0,4,1
11806,1018,2,5,5,5,3,2,5,1,3,1,5,4,4,4,4,5,5,5,5,1,5,5,3,4,2,5,4,4,5,2,3,4,4,2,2,4,4,2,0,0,2,1,0,1,2,2,2,0,1,3.83333325386047,2.79999995231628,4,4.40000009536743,4,2,4,7,5,2
11821,1018,9,3,1,3,2,2,1,1,1,2,1,3,1,3,3,3,3,2,3,2,3,3,3,1,2,2,3,1,1,3,2,3,2,1,1,2,4,2,1,0,2,2,1,2,2,2,2,1,2,2.5,2.20000004768372,1.20000004768372,3.20000004768372,2.40000009536743,4,7,8,1.79999995231628,1.60000002384186
11815,1018,7,4,3,3,3,3,3,3,1,3,4,3,3,3,3,4,3,4,3,3,3,2,4,4,2,3,4,3,3,3,2,3,3,4,2,2,4,2,0,1,1,2,0,1,0,1,1,0,0,2.66666674613953,2.40000009536743,3.59999990463257,3.59999990463257,3.20000004768372,2,2,5,3.40000009536743,2.59999990463257
11810,1018,6,5,4,4,2,1,2,1,1,1,5,3,5,3,3,4,3,5,4,2,4,4,3,3,2,3,4,4,4,3,3,3,4,4,1,4,4,1,1,0,0,0,0,1,1,0,0,0,0,3,2.79999995231628,4.19999980926514,3.79999995231628,3.40000009536743,1,1,2,4,1.20000004768372
11820,1018,10,5,4,5,1,1,3,1,1,1,5,5,5,4,1,4,4,5,1,5,4,2,5,4,4,2,4,5,5,1,5,4,5,5,1,5,4,0,0,0,0,0,0,0,0,0,0,0,0,1.33333337306976,4.59999990463257,4.80000019073486,4,4.80000019073486,0,0,0,4.40000009536743,1
11814,1018,4,4,4,3,1,1,1,1,1,1,3,5,3,5,1,5,5,3,1,5,5,1,5,4,5,1,4,5,4,1,5,5,5,2,1,5,5,0,0,0,0,0,0,0,0,0,0,0,0,1,5,3.20000004768372,4.80000019073486,5,0,0,0,3,1
11816,1018,8,4,4,4,3,2,3,2,2,3,3,3,4,3,4,3,3,4,3,3,4,4,3,3,1,4,3,3,3,3,2,1,3,3,3,2,4,2,1,0,0,2,0,2,0,1,2,0,0,3.5,2.20000004768372,3.40000009536743,3,3,2,2,6,3.59999990463257,2.40000009536743
11805,1018,1,4,3,5,4,2,5,1,4,1,5,1,5,5,5,4,4,3,5,1,4,5,2,5,2,5,3,2,5,2,2,1,3,5,4,3,3,2,2,2,2,1,2,2,2,2,2,0,1,4.33333349227905,2.59999990463257,4.59999990463257,3,2.40000009536743,8,4,8,4.40000009536743,2.40000009536743
11807,1018,3,4,4,5,1,1,1,1,1,1,4,4,5,5,1,4,4,5,1,4,4,1,5,5,5,3,4,5,4,1,5,5,5,2,1,5,4,0,0,0,0,0,0,1,0,0,0,0,0,1.33333337306976,4.80000019073486,4.19999980926514,4.19999980926514,4.59999990463257,0,0,1,3.59999990463257,1
51917,1019,7,4,2,2,2,2,3,2,2,2,3,3,3,4,2,3,4,4,2,4,4,2,4,4,4,2,4,4,4,2,4,4,3,3,3,4,4,0,1,1,1,1,1,0,0,0,0,0,0,2.16666674613953,4,3.59999990463257,3.79999995231628,3.59999990463257,3,1,1,2.79999995231628,2
51914,1019,9,4,2,2,3,4,2,2,2,2,3,3,3,1,2,3,4,2,3,2,4,2,4,2,2,2,3,4,3,2,3,4,3,3,3,4,2,2,1,2,1,1,2,0,0,1,0,0,0,2.33333325386047,2.40000009536743,2.59999990463257,3.20000004768372,3.59999990463257,6,1,3,2.59999990463257,2.59999990463257
51904,1019,3,4,2,3,2,2,3,2,2,2,4,3,3,4,2,3,3,3,1,4,4,2,4,4,4,2,4,4,4,2,4,4,3,3,3,4,4,0,1,1,1,1,1,0,0,0,0,0,0,2,4,3.40000009536743,3.79999995231628,3.40000009536743,3,1,1,3.20000004768372,2
51906,1019,5,4,2,3,2,4,3,2,2,2,3,2,3,2,3,3,2,3,2,2,4,3,4,4,4,2,4,4,3,2,3,4,3,3,3,4,4,1,1,1,1,1,1,0,0,0,0,0,0,2.5,3,3.20000004768372,3.79999995231628,3,3,1,2,3,2.40000009536743
51920,1019,6,4,4,2,2,2,4,2,2,2,4,3,3,4,2,3,2,4,2,4,4,2,4,4,4,2,4,4,4,2,3,4,3,3,3,4,4,0,1,1,1,1,1,0,0,0,0,0,0,2.16666674613953,3.79999995231628,3.59999990463257,3.79999995231628,3.20000004768372,3,1,1,3.59999990463257,2
51930,1019,1,4,4,4,2,2,4,2,2,2,4,3,3,4,1,3,3,3,1,4,4,2,4,4,4,2,4,4,4,2,4,4,3,3,3,4,4,0,1,1,1,1,1,0,0,0,0,0,0,1.83333337306976,4,3.40000009536743,3.79999995231628,3.40000009536743,3,1,1,4,2
51907,1019,8,4,2,2,3,4,3,4,4,2,3,3,3,1,4,3,3,3,5,3,4,4,4,4,2,3,4,4,4,2,3,4,3,3,3,4,4,2,1,2,1,1,2,0,0,1,0,0,0,3.5,2.59999990463257,3.40000009536743,3.79999995231628,3.40000009536743,6,1,3,2.79999995231628,3.40000009536743
51910,1019,2,4,2,3,2,2,4,2,2,2,3,3,3,3,1,3,3,3,2,3,4,2,4,4,4,2,4,4,4,2,4,4,3,3,3,4,4,0,1,1,1,1,1,0,0,0,0,0,0,2,3.59999990463257,3.40000009536743,3.79999995231628,3.40000009536743,3,1,1,3.20000004768372,2
51927,1019,10,4,2,4,3,4,4,4,4,2,3,2,4,3,4,3,2,3,5,2,4,5,4,4,3,4,4,4,4,2,3,2,3,,3,4,4,1,1,1,1,1,2,0,0,1,0,0,0,3.83333325386047,3,3.75,3.40000009536743,3,5,1,2,3.40000009536743,3.40000009536743
51901,1019,4,4,4,4,2,2,4,2,2,2,4,3,3,4,1,3,3,4,1,5,4,2,4,4,4,2,4,4,4,2,4,4,3,3,3,4,4,0,1,1,1,1,1,0,0,0,0,0,0,1.83333337306976,4.19999980926514,3.59999990463257,3.79999995231628,3.40000009536743,3,1,1,4,2
22022,1020,2,4,4,4,1,1,5,1,1,1,5,4,5,5,1,5,3,5,2,5,4,3,5,5,5,2,5,3,4,1,5,4,3,2,2,4,4,0,0,0,0,0,0,0,0,0,0,0,0,1.83333337306976,4.80000019073486,4.19999980926514,4.40000009536743,3.59999990463257,0,0,0,4.40000009536743,1
22005,1020,4,4,4,4,1,1,3,1,1,1,4,5,4,5,1,5,4,5,1,5,4,1,5,4,5,1,5,4,4,1,5,4,4,1,1,5,4,0,0,0,0,0,0,0,0,0,0,0,0,1,5,3.59999990463257,4.40000009536743,4.40000009536743,0,0,0,3.79999995231628,1
22019,1020,8,3,3,4,1,1,4,1,1,1,4,4,4,4,2,5,4,3,4,3,4,2,4,4,4,2,5,4,3,1,3,4,4,2,1,3,4,1,0,1,0,0,0,0,0,0,0,0,0,2,3.40000009536743,3.20000004768372,4.40000009536743,4,1,0,1,3.59999990463257,1
22021,1020,6,4,4,5,1,1,5,1,1,1,5,5,5,4,2,5,4,5,2,4,5,2,5,4,5,3,5,4,5,1,4,4,4,2,1,4,4,0,0,0,0,0,0,0,0,0,0,0,0,1.83333337306976,4.19999980926514,4.19999980926514,4.59999990463257,4.40000009536743,0,0,0,4.59999990463257,1
22013,1020,1,4,4,4,1,1,3,1,1,1,3,5,5,5,1,4,5,4,1,5,4,1,5,4,5,1,5,5,5,1,5,4,5,1,1,5,4,0,0,0,0,0,0,0,0,0,0,0,0,1,5,3.79999995231628,4.19999980926514,5,0,0,0,3.59999990463257,1
22027,1020,10,3,4,4,1,4,3,2,1,1,5,2,5,4,2,3,1,3,2,3,3,2,4,3,4,3,3,3,3,2,4,2,2,3,3,3,3,1,1,1,0,1,1,0,2,0,0,2,1,2.33333325386047,3.59999990463257,3.40000009536743,2.79999995231628,2.40000009536743,3,6,1,3.79999995231628,1.79999995231628
22014,1020,3,4,3,4,1,1,3,1,1,1,3,5,4,5,1,5,4,4,1,4,4,2,5,4,5,1,5,4,4,1,4,4,4,2,1,4,4,0,0,0,0,0,0,0,0,0,0,0,0,1.16666662693024,4.40000009536743,3.59999990463257,4.40000009536743,4.40000009536743,0,0,0,3.40000009536743,1
22018,1020,7,3,3,3,1,1,3,1,1,1,3,4,3,4,1,2,4,3,2,3,3,1,4,3,4,2,3,4,3,1,3,2,4,2,2,3,3,1,0,1,0,0,1,0,0,0,0,0,0,1.5,3.40000009536743,2.79999995231628,2.59999990463257,4,2,0,1,3,1
22002,1020,5,5,5,5,1,1,5,1,1,1,5,5,5,5,2,5,4,5,2,4,5,2,5,5,5,3,5,5,5,1,5,4,4,2,1,5,4,0,0,0,0,0,0,0,0,0,0,0,0,1.83333337306976,4.80000019073486,4.40000009536743,4.59999990463257,4.59999990463257,0,0,0,5,1
22007,1020,9,3,4,3,1,1,3,1,1,1,5,4,4,5,1,3,3,3,1,4,4,1,5,4,5,2,3,3,3,1,4,3,4,3,2,3,3,0,0,1,0,0,1,0,1,0,0,0,1,1.33333337306976,4.19999980926514,3.40000009536743,3.20000004768372,3.79999995231628,2,2,0,3.59999990463257,1
72121,1021,2,5,5,5,1,1,5,1,1,1,5,5,5,5,1,5,4,5,1,5,5,1,5,5,5,2,5,2,5,1,5,5,5,5,2,5,5,0,0,0,0,0,0,0,0,0,0,0,0,1.33333337306976,5,5,5,4.19999980926514,0,0,0,5,1
72110,1021,5,5,5,5,1,1,5,1,1,1,5,5,4,5,1,5,5,3,1,5,5,1,5,1,5,1,5,2,1,1,5,5,5,1,1,5,5,0,0,0,0,0,0,0,0,0,0,0,0,1,5,2,5,4.40000009536743,0,0,0,5,1
72111,1021,3,5,5,5,5,1,5,3,4,3,5,1,5,1,5,3,1,5,3,1,5,5,2,5,1,4,3,2,5,1,3,5,3,5,3,1,5,2,0,2,2,2,1,2,2,2,0,2,2,3.5,1.39999997615814,5,4.19999980926514,1.79999995231628,5,8,6,5,3.20000004768372
72103,1021,6,4,4,4,1,1,4,1,1,1,5,5,4,5,1,5,3,3,1,5,5,1,5,2,5,1,3,2,2,1,5,5,5,1,1,5,5,0,0,0,0,0,0,0,0,0,0,0,0,1,5,2.40000009536743,4.59999990463257,4,0,0,0,4.19999980926514,1
72123,1021,10,4,4,4,4,5,4,4,5,4,1,1,1,5,4,3,1,3,3,5,5,5,3,2,3,4,3,2,2,5,3,2,3,5,5,4,2,0,1,2,1,2,2,0,1,0,0,2,0,4.33333349227905,4,2.59999990463257,3,2,5,5,1,3.40000009536743,4.40000009536743
72112,1021,1,5,5,5,1,1,5,1,1,1,5,5,5,5,1,5,5,5,1,5,5,1,5,5,5,2,5,2,5,1,5,5,5,5,2,5,5,0,0,0,0,0,0,0,0,0,0,0,0,1.33333337306976,5,5,5,4.40000009536743,0,0,0,5,1
72106,1021,8,5,5,5,1,3,5,1,2,1,5,3,4,3,2,3,3,3,1,3,5,2,3,3,3,2,3,2,2,3,1,3,3,3,3,1,3,2,2,0,2,2,1,1,2,1,0,0,0,2.16666674613953,2.20000004768372,3,3.40000009536743,2.79999995231628,4,4,5,5,1.60000002384186
72105,1021,7,4,4,4,1,3,4,2,4,1,5,5,5,5,1,5,4,5,3,4,5,2,5,5,3,3,5,2,5,1,5,5,5,5,3,5,5,0,0,0,0,0,0,0,0,0,0,0,,2.16666674613953,4.40000009536743,5,5,4.19999980926514,0,0,0,4.19999980926514,2.20000004768372
72119,1021,9,5,4,4,4,5,4,5,5,4,1,1,1,4,4,4,1,5,3,3,5,5,3,1,1,4,3,2,2,5,1,3,2,4,5,1,4,1,1,2,2,2,2,0,2,1,0,2,0,4.33333349227905,2,2.59999990463257,3.79999995231628,1.79999995231628,6,6,3,3.59999990463257,4.59999990463257
72107,1021,4,4,4,4,2,5,4,4,3,4,1,1,3,4,3,3,1,3,3,3,5,3,2,4,2,4,3,2,3,5,3,2,3,4,3,3,2,1,1,1,2,2,1,0,1,1,0,2,0,3.5,3,3.40000009536743,3,1.79999995231628,4,5,3,3.40000009536743,3.59999990463257
62224,1022,8,5,4,4,2,2,4,2,1,2,5,4,3,5,1,5,3,3,1,2,3,3,4,3,3,3,3,4,3,1,3,3,3,2,1,3,3,2,1,0,1,1,1,0,0,1,1,1,1,1.66666662693024,3.20000004768372,2.79999995231628,3.40000009536743,3.59999990463257,3,3,4,4.40000009536743,1.79999995231628
62203,1022,2,5,5,5,2,2,4,2,1,2,5,4,4,5,1,5,3,4,1,5,5,1,5,5,5,3,4,4,5,1,5,5,4,2,1,5,5,1,0,0,1,0,0,0,0,1,1,1,0,1.33333337306976,5,4,4.80000019073486,4,1,1,3,4.80000019073486,1.79999995231628
62205,1022,3,5,4,4,2,2,4,2,1,2,5,4,4,5,1,5,3,4,1,5,5,1,5,5,5,2,4,4,5,1,5,5,4,2,1,5,5,1,0,0,0,0,0,0,0,0,0,1,1,1.16666662693024,5,4,4.80000019073486,4,0,2,1,4.40000009536743,1.79999995231628
62225,1022,10,5,4,4,2,2,4,2,1,2,5,4,,5,1,5,3,3,3,3,3,3,4,2,3,3,4,4,3,1,3,3,3,3,2,3,3,2,1,1,1,1,1,0,1,1,1,1,1,2.16666674613953,3.40000009536743,2.75,3.59999990463257,3.59999990463257,4,4,4,4.40000009536743,1.79999995231628
62206,1022,1,5,5,5,2,2,4,2,1,2,5,4,4,5,1,5,3,4,1,5,5,1,5,5,5,3,4,4,5,1,5,5,5,2,1,5,5,1,0,0,0,0,0,0,0,0,0,0,0,1.33333337306976,5,4,4.80000019073486,4.19999980926514,0,0,1,4.80000019073486,1.79999995231628
62220,1022,7,5,5,4,2,2,4,2,1,4,5,2,2,5,1,3,3,1,3,2,2,2,3,3,2,3,2,3,3,2,2,2,2,3,2,2,3,2,2,2,2,1,2,1,2,2,2,2,2,2.16666674613953,2.59999990463257,2.40000009536743,2.40000009536743,2.59999990463257,8,7,7,4.59999990463257,2.20000004768372
62217,1022,5,5,4,4,2,2,4,2,1,4,5,4,2,3,1,3,3,2,1,1,3,3,3,3,3,2,3,3,3,2,3,2,3,2,2,3,3,2,0,2,1,1,1,0,1,2,2,1,1,1.83333337306976,2.59999990463257,2.40000009536743,2.79999995231628,3.20000004768372,5,4,5,4.40000009536743,2.20000004768372
62210,1022,6,5,4,4,2,2,2,2,1,2,5,4,2,5,1,2,2,1,1,2,2,2,3,2,2,2,2,3,2,2,3,2,2,2,2,2,2,2,1,1,2,1,1,0,1,1,1,1,2,1.66666662693024,2.79999995231628,1.79999995231628,2,2.79999995231628,4,5,5,4,1.79999995231628
62213,1022,4,5,3,4,2,2,2,2,4,2,5,4,1,5,1,3,3,1,2,3,3,1,3,2,2,2,3,3,2,1,2,3,2,2,1,3,3,2,1,0,2,0,1,0,0,1,1,0,0,1.33333337306976,3,1.60000002384186,3,3,3,0,5,3.79999995231628,2.40000009536743
62221,1022,9,5,5,4,2,2,4,2,1,2,5,4,2,3,1,3,3,1,3,3,3,3,4,2,2,2,2,3,2,1,2,2,2,3,1,2,3,2,1,1,2,0,2,0,1,2,2,1,1,1.83333337306976,2.40000009536743,2,2.59999990463257,3.20000004768372,6,3,6,4.59999990463257,1.79999995231628
82304,1023,4,3,3,3,2,2,4,1,3,2,3,2,1,2,3,2,1,1,3,1,2,4,2,2,1,4,2,3,2,4,2,1,1,3,3,1,1,2,2,2,2,1,1,1,1,1,1,2,2,3.5,1.39999997615814,1.79999995231628,1.60000002384186,1.79999995231628,6,6,6,3.20000004768372,2
82301,1023,3,4,4,4,4,3,4,2,4,3,3,2,3,2,4,2,1,2,3,1,2,4,2,3,1,4,2,2,3,5,1,1,1,4,4,2,2,2,2,2,2,2,2,2,2,2,2,2,2,4,1.39999997615814,3,1.79999995231628,1.60000002384186,8,8,8,3.79999995231628,3.20000004768372
82310,1023,10,5,4,4,1,1,5,1,2,1,5,4,4,3,3,3,2,3,1,2,5,3,3,4,2,4,3,3,4,1,2,3,3,3,1,3,3,1,1,1,2,1,1,0,1,1,2,0,0,2.16666674613953,2.40000009536743,3.59999990463257,3.40000009536743,3,4,2,5,4.59999990463257,1.20000004768372
82323,1023,9,5,4,4,4,1,5,1,1,1,5,4,4,5,2,3,3,5,3,4,4,2,4,5,5,3,4,3,5,1,5,3,4,2,1,5,4,0,0,0,0,0,0,0,0,0,0,0,0,2,4.80000019073486,4.19999980926514,3.59999990463257,3.59999990463257,0,0,0,4.59999990463257,1.60000002384186
82316,1023,1,4,4,4,1,1,3,1,1,1,5,4,5,5,1,3,4,5,1,5,4,1,5,4,5,1,3,4,5,1,5,2,4,1,1,5,3,0,0,0,0,0,0,0,0,0,0,0,0,1,5,4,3,4.19999980926514,0,0,0,4,1
82319,1023,6,5,4,5,1,1,5,1,1,1,5,5,2,4,2,4,3,3,1,4,5,1,5,3,3,2,4,3,4,1,3,3,4,1,1,3,4,1,1,0,1,0,1,0,0,0,1,1,0,1.33333337306976,3.40000009536743,2.59999990463257,4,4,2,1,3,4.80000019073486,1
82313,1023,5,5,4,5,1,1,5,1,1,1,5,5,4,5,2,5,3,5,1,4,5,2,4,5,4,3,5,4,5,1,4,4,4,2,1,5,5,1,0,0,0,0,0,0,0,1,0,0,0,1.66666662693024,4.40000009536743,4.19999980926514,4.80000019073486,4,1,0,1,4.80000019073486,1
82321,1023,8,4,4,4,1,1,3,1,1,1,5,4,3,4,2,2,3,3,1,3,4,1,4,3,3,2,3,3,3,1,3,3,3,1,1,4,3,1,1,0,1,1,1,0,0,0,1,0,0,1.33333337306976,3.40000009536743,2.59999990463257,3,3.40000009536743,2,1,3,4,1
82308,1023,7,3,1,1,2,3,1,3,2,4,2,2,2,5,1,2,3,2,1,4,3,1,3,2,4,2,2,1,3,1,4,3,2,3,3,4,4,0,2,1,0,2,1,0,1,0,0,1,1,1.5,4.19999980926514,2.40000009536743,2.79999995231628,2.20000004768372,4,5,0,1.60000002384186,2.79999995231628
82306,1023,2,3,3,3,1,1,2,1,1,1,5,4,3,5,1,3,3,3,1,5,3,1,5,2,5,1,4,4,2,1,5,3,4,1,1,4,4,0,0,0,0,0,0,0,0,0,0,0,0,1,4.80000019073486,2.20000004768372,3.40000009536743,4,0,0,0,3.20000004768372,1
82412,1024,8,3,5,5,1,1,4,1,1,1,4,3,5,5,1,5,5,4,1,5,5,1,5,3,4,3,5,4,5,1,4,5,4,1,1,4,5,0,0,0,0,0,0,0,0,0,0,0,0,1.33333337306976,4.40000009536743,3.59999990463257,5,4.19999980926514,0,0,0,4.19999980926514,1
82408,1024,7,3,4,3,1,1,2,1,1,1,2,5,1,5,1,4,5,1,1,5,4,2,5,3,4,1,4,5,2,1,4,4,5,1,1,2,5,0,0,0,0,0,0,0,0,0,0,0,0,1.16666662693024,4,1.60000002384186,4.19999980926514,5,0,0,0,2.79999995231628,1
82404,1024,1,3,3,3,1,1,3,1,1,1,2,3,5,5,1,5,4,5,1,5,5,1,5,5,5,2,3,3,5,1,4,4,3,3,1,5,4,0,0,0,0,0,0,0,0,0,0,0,0,1.16666662693024,4.80000019073486,4.59999990463257,4.19999980926514,3.59999990463257,0,0,0,2.79999995231628,1
82413,1024,9,3,3,3,1,1,2,1,1,1,2,5,3,5,1,5,5,3,1,5,5,1,5,2,5,1,4,4,2,1,5,4,5,1,1,5,5,0,0,0,0,0,0,0,0,0,0,0,0,1,5,2.20000004768372,4.59999990463257,4.80000019073486,0,0,0,2.59999990463257,1
82420,1024,5,4,3,4,1,1,3,1,1,1,3,5,3,5,1,5,5,3,1,5,5,1,5,3,5,1,5,5,3,1,5,5,5,1,1,4,5,0,0,0,0,0,0,0,0,0,0,0,0,1,4.80000019073486,2.59999990463257,5,5,0,0,0,3.40000009536743,1
82411,1024,4,4,4,5,1,1,5,1,1,2,4,3,5,5,2,5,3,5,1,3,5,3,5,5,4,3,4,4,5,1,5,5,4,3,1,5,5,0,0,0,0,0,0,0,0,0,0,0,0,1.83333337306976,4.40000009536743,4.59999990463257,4.80000019073486,3.79999995231628,0,0,0,4.40000009536743,1.20000004768372
82417,1024,6,4,4,4,1,1,4,1,2,1,4,4,3,4,2,5,4,3,1,3,5,3,4,3,2,3,5,3,3,1,3,5,2,3,1,2,5,1,0,0,0,0,0,0,0,0,0,0,0,1.83333337306976,2.79999995231628,3,5,3.40000009536743,0,0,1,4,1.20000004768372
82415,1024,3,4,4,4,3,2,5,5,4,5,5,1,5,5,4,2,1,3,1,4,4,2,3,5,4,4,2,1,5,3,5,2,1,4,1,5,2,0,1,1,0,2,1,0,2,0,0,2,2,2.5,4.59999990463257,4.40000009536743,2.40000009536743,1.39999997615814,3,8,0,4.40000009536743,3.79999995231628
82410,1024,10,5,5,5,1,1,5,1,1,1,4,5,3,5,1,4,5,4,1,5,5,1,5,3,5,1,4,4,5,1,4,4,5,1,1,4,5,0,0,0,0,0,0,0,0,0,0,0,0,1,4.59999990463257,3.20000004768372,4.40000009536743,4.80000019073486,0,0,0,4.80000019073486,1
82416,1024,2,3,3,3,1,1,3,1,1,1,2,5,2,5,1,5,5,2,1,5,5,1,5,2,5,1,3,3,3,1,5,4,5,1,1,5,5,0,0,0,0,0,0,0,0,0,0,0,0,1,5,2,4.40000009536743,4.59999990463257,0,0,0,2.79999995231628,1
42513,1025,1,5,5,5,1,2,5,1,1,1,5,4,3,5,1,5,2,5,1,5,5,1,5,5,4,2,5,5,5,1,5,5,5,4,1,5,5,0,0,0,0,0,0,0,0,0,0,0,0,1.16666662693024,4.80000019073486,4.40000009536743,5,4.19999980926514,0,0,0,5,1.20000004768372
42524,1025,9,5,5,5,1,5,5,2,4,1,5,1,5,1,1,2,1,1,3,1,2,5,2,2,1,3,2,1,2,1,1,2,1,5,4,1,4,2,2,2,2,2,2,2,2,2,2,2,2,2.83333325386047,1,3,2.40000009536743,1.20000004768372,8,8,8,5,2.59999990463257
42520,1025,8,5,5,5,1,2,5,1,1,1,5,5,3,5,1,5,4,2,1,5,5,1,5,3,5,1,5,5,2,1,5,5,5,4,1,5,5,0,0,0,0,0,0,0,0,0,0,0,0,1,5,2.79999995231628,5,4.80000019073486,0,0,0,5,1.20000004768372
42521,1025,6,5,5,4,1,2,5,1,1,1,3,4,3,5,1,5,5,5,1,5,5,1,5,5,3,1,5,5,3,1,5,5,5,4,1,5,5,0,0,0,0,0,0,0,0,0,0,0,0,1,4.59999990463257,4,5,4.80000019073486,0,0,0,4.40000009536743,1.20000004768372
42523,1025,7,4,5,2,1,1,2,1,1,1,3,4,3,4,3,5,3,5,1,3,5,4,5,3,2,1,5,5,2,1,5,5,3,2,1,3,5,1,1,0,0,0,0,0,0,0,0,0,0,1.83333337306976,3.40000009536743,3,5,4,1,0,1,3.20000004768372,1
42522,1025,4,5,5,5,1,5,5,2,5,1,5,1,5,2,4,1,1,5,5,1,2,5,2,2,1,3,1,1,2,2,1,1,1,5,5,1,3,2,2,2,2,2,2,2,2,2,2,2,2,4,1.20000004768372,3.79999995231628,1.60000002384186,1.20000004768372,8,8,8,5,2.79999995231628
42516,1025,10,5,5,5,1,1,5,1,1,1,5,5,5,3,1,5,3,5,1,4,5,1,5,5,4,5,5,4,4,1,4,5,5,3,1,5,5,0,0,0,0,0,0,0,0,0,0,0,0,1.66666662693024,4,4.40000009536743,5,4.40000009536743,0,0,0,5,1
42512,1025,3,5,5,5,1,2,5,1,1,1,4,3,5,3,3,5,2,5,1,3,5,4,3,5,2,4,5,3,5,2,4,5,3,5,2,3,3,1,1,0,0,0,0,0,1,0,0,0,0,2.66666674613953,3,5,4.59999990463257,2.79999995231628,1,1,1,4.80000019073486,1.20000004768372
42519,1025,2,5,5,4,1,2,5,1,1,1,4,5,4,3,1,5,3,5,2,4,5,1,5,5,5,1,5,5,5,1,5,5,5,5,1,5,5,0,0,0,0,0,0,0,0,0,0,0,0,1.16666662693024,4.40000009536743,4.80000019073486,5,4.59999990463257,0,0,0,4.59999990463257,1.20000004768372
42517,1025,5,5,5,4,1,1,5,1,1,1,4,4,4,3,1,4,3,2,1,3,5,1,5,5,3,1,5,4,5,1,3,5,5,3,1,3,5,0,0,0,0,0,0,0,0,0,0,0,0,1,3,3.79999995231628,4.80000019073486,4.19999980926514,0,0,0,4.59999990463257,1
72617,1026,6,4,5,5,1,1,5,1,1,1,4,5,1,5,1,4,4,5,1,4,5,1,5,5,4,1,4,4,5,1,5,3,5,1,1,5,4,0,0,0,0,0,0,0,0,0,0,0,0,1,4.59999990463257,3.40000009536743,4,4.59999990463257,0,0,0,4.59999990463257,1
72605,1026,9,4,5,5,2,1,5,1,1,1,4,2,2,2,3,4,4,5,3,2,3,4,2,5,2,3,4,3,5,2,2,2,3,4,3,3,4,1,1,0,1,0,0,0,1,1,1,0,0,3,2.20000004768372,4.19999980926514,3.40000009536743,2.79999995231628,2,1,3,4.59999990463257,1.20000004768372
72609,1026,2,4,5,5,1,1,4,1,1,1,4,5,1,5,1,4,4,5,1,4,5,1,5,5,4,1,4,4,5,1,4,3,4,1,1,4,4,0,0,0,0,0,0,0,0,0,0,0,0,1,4.19999980926514,3.40000009536743,4,4.40000009536743,0,0,0,4.40000009536743,1
72616,1026,5,4,5,5,1,1,4,1,1,1,4,5,1,5,1,4,4,5,1,4,5,1,5,5,5,1,4,4,5,1,5,4,5,1,1,5,4,0,0,0,0,0,0,0,0,0,0,0,0,1,4.80000019073486,3.40000009536743,4.19999980926514,4.59999990463257,0,0,0,4.40000009536743,1
72608,1026,10,4,5,,1,1,5,1,1,1,4,4,1,5,1,4,4,5,2,3,4,3,4,5,3,3,4,3,5,1,3,3,3,4,2,4,4,1,1,0,1,0,0,0,1,1,0,0,0,2,3.59999990463257,4,3.79999995231628,3.59999990463257,2,1,2,4.5,1
72613,1026,3,4,5,5,1,1,5,1,1,1,4,4,1,5,1,4,4,5,2,4,5,2,5,5,4,1,4,4,5,1,4,3,4,1,1,4,4,0,0,0,0,0,0,0,0,0,0,0,0,1.33333337306976,4.19999980926514,3.40000009536743,4,4.19999980926514,0,0,0,4.59999990463257,1
72602,1026,1,4,5,5,1,2,4,2,1,1,4,3,2,4,2,4,4,5,2,4,3,2,4,5,4,1,4,4,5,2,3,3,3,3,2,4,4,0,0,0,0,0,0,0,0,0,0,0,0,1.83333337306976,3.79999995231628,4,3.59999990463257,3.59999990463257,0,0,0,4.40000009536743,1.39999997615814
72623,1026,8,4,5,5,1,1,5,1,1,1,4,5,1,5,1,4,4,5,1,4,4,1,5,5,5,1,4,4,5,1,5,3,4,2,1,5,4,0,0,0,0,0,0,0,0,0,0,0,0,1,4.80000019073486,3.59999990463257,3.79999995231628,4.40000009536743,0,0,0,4.59999990463257,1
72619,1026,7,4,5,5,1,1,5,1,1,1,4,5,1,5,1,4,4,5,1,4,5,1,5,5,5,1,4,4,5,1,5,3,5,1,1,5,4,0,0,0,0,0,0,0,0,0,0,0,0,1,4.80000019073486,3.40000009536743,4,4.59999990463257,0,0,0,4.59999990463257,1
72615,1026,4,4,5,5,1,1,5,1,1,1,4,5,1,5,1,4,4,5,2,4,4,2,5,5,4,1,4,4,5,1,4,3,4,2,1,5,4,0,0,0,0,0,0,0,0,0,0,0,0,1.33333337306976,4.40000009536743,3.59999990463257,3.79999995231628,4.40000009536743,0,0,0,4.59999990463257,1
62702,1027,6,4,5,5,4,4,5,1,4,1,4,2,2,2,2,3,2,1,1,2,5,3,5,3,2,3,5,3,2,1,5,3,2,2,1,2,3,2,0,1,1,0,0,1,1,1,2,1,0,1.83333337306976,2.59999990463257,2,3.79999995231628,2.79999995231628,2,2,6,4.59999990463257,2.79999995231628
62720,1027,1,4,5,5,1,1,4,1,1,1,3,5,3,5,1,3,5,2,1,5,5,1,5,3,5,1,5,3,2,1,5,5,5,1,1,5,5,0,0,0,0,0,0,0,0,0,0,0,0,1,5,2.20000004768372,4.59999990463257,4.59999990463257,0,0,0,4.19999980926514,1
62708,1027,2,4,5,5,1,1,4,1,1,1,3,5,3,5,1,3,5,2,1,5,5,1,5,3,5,1,5,3,2,1,5,5,5,1,1,5,5,0,0,0,0,0,0,0,0,0,0,0,0,1,5,2.20000004768372,4.59999990463257,4.59999990463257,0,0,0,4.19999980926514,1
62713,1027,4,4,5,5,1,4,5,1,4,1,4,2,3,5,2,3,2,3,2,5,5,3,5,4,3,1,5,3,5,1,5,5,2,5,1,5,5,0,0,0,0,0,0,0,1,0,0,0,0,1.66666662693024,4.59999990463257,4,4.59999990463257,2.79999995231628,0,1,0,4.59999990463257,2.20000004768372
62707,1027,9,4,5,5,1,1,5,1,1,1,4,5,3,4,1,3,5,2,1,3,5,1,5,2,3,1,5,3,2,1,5,5,3,3,1,5,5,0,0,0,1,0,0,0,0,0,0,0,0,1,4,2.40000009536743,4.59999990463257,4.19999980926514,0,0,1,4.59999990463257,1
62717,1027,3,4,5,5,1,4,4,1,1,1,4,3,3,5,1,3,2,5,1,5,5,1,5,5,4,1,5,3,5,1,5,5,3,5,1,5,5,0,0,0,0,0,0,0,1,0,0,0,0,1,4.80000019073486,4.59999990463257,4.59999990463257,3.20000004768372,0,1,0,4.40000009536743,1.60000002384186
62716,1027,8,4,5,5,1,4,5,1,1,4,5,2,5,5,1,3,2,5,1,5,3,1,5,5,5,1,5,2,5,2,5,4,3,5,2,5,4,0,0,0,0,0,0,0,0,0,0,1,0,1.33333337306976,5,5,3.79999995231628,2.79999995231628,0,1,0,4.80000019073486,2.20000004768372
62711,1027,5,4,5,5,3,1,5,1,1,1,4,2,3,5,1,2,2,2,1,4,5,1,5,2,3,2,2,3,2,1,5,3,2,1,1,5,3,1,0,1,1,0,1,0,1,1,0,1,0,1.16666662693024,4.40000009536743,2,3,2.79999995231628,3,2,2,4.59999990463257,1.39999997615814
62714,1027,7,4,5,5,1,1,5,1,1,1,3,5,3,5,1,3,5,4,1,5,5,1,5,5,5,1,5,3,5,1,5,5,5,5,1,5,5,0,0,0,0,0,0,0,1,0,0,0,0,1,5,4.40000009536743,4.59999990463257,4.59999990463257,0,1,0,4.40000009536743,1
62721,1027,10,4,5,5,1,1,2,1,1,1,3,5,3,5,1,3,5,2,1,5,5,1,5,2,5,1,5,3,2,1,5,5,5,2,1,5,5,0,0,0,0,0,0,0,0,0,0,0,0,1,5,2.20000004768372,4.59999990463257,4.59999990463257,0,0,0,3.79999995231628,1
72811,1028,4,4,5,4,1,1,4,1,1,1,4,4,5,3,1,4,3,4,3,2,4,3,4,2,3,2,3,3,5,1,3,4,3,5,1,3,4,1,0,1,1,0,0,1,1,0,1,0,0,1.83333337306976,2.79999995231628,4.19999980926514,3.79999995231628,3.40000009536743,1,1,4,4.19999980926514,1
72817,1028,8,4,3,4,1,1,2,1,1,1,5,5,5,5,1,5,5,4,1,3,4,1,5,4,5,1,4,3,4,1,5,5,5,5,1,5,4,0,0,2,0,0,0,0,0,1,0,0,0,1,4.59999990463257,4.40000009536743,4.40000009536743,4.59999990463257,3,0,0,3.59999990463257,1
72818,1028,2,4,5,5,2,1,3,2,2,1,5,3,5,5,2,5,3,5,2,4,3,4,3,4,3,2,3,4,5,2,5,2,4,5,1,4,3,1,1,1,0,0,1,0,0,0,0,0,0,2.16666674613953,4.19999980926514,4.80000019073486,3.20000004768372,3.40000009536743,3,0,1,4.40000009536743,1.60000002384186
72804,1028,5,5,5,3,4,5,2,5,4,5,4,1,2,2,4,3,2,2,5,2,2,4,1,2,2,4,3,2,2,5,2,2,1,3,5,1,4,1,2,2,1,1,2,0,2,0,0,2,2,4.5,1.79999995231628,2.20000004768372,2.79999995231628,1.39999997615814,6,7,2,3.79999995231628,4.59999990463257
72801,1028,3,3,5,5,5,5,4,5,5,4,5,1,5,1,5,1,1,2,5,1,2,5,2,2,1,5,1,1,5,4,2,1,1,5,5,2,1,0,2,2,1,2,2,0,2,2,0,2,2,4.83333349227905,1.39999997615814,3.79999995231628,1.20000004768372,1.20000004768372,8,8,1,4.40000009536743,4.80000019073486
72819,1028,9,4,3,4,1,1,2,1,1,1,5,5,2,5,1,5,4,3,1,5,4,1,5,3,4,1,4,4,3,1,5,5,5,2,1,5,5,0,1,1,0,0,0,0,0,0,0,0,0,1,4.80000019073486,2.59999990463257,4.59999990463257,4.59999990463257,2,0,0,3.59999990463257,1
72807,1028,1,5,5,5,1,1,5,1,1,1,5,5,5,5,1,5,5,5,1,5,5,1,5,4,5,1,5,5,5,1,5,5,5,5,1,5,5,0,0,1,0,0,0,0,0,0,0,0,0,1,5,4.80000019073486,5,5,1,0,0,5,1
72815,1028,10,3,3,2,2,1,2,1,2,1,3,5,3,3,4,5,5,3,2,3,4,4,2,3,3,1,4,4,3,1,4,5,5,2,1,5,5,1,0,2,0,0,0,0,0,1,0,0,0,2.16666674613953,3.59999990463257,2.79999995231628,4.59999990463257,4.19999980926514,3,0,1,2.59999990463257,1.39999997615814
72809,1028,7,5,5,4,3,5,4,4,2,2,2,2,5,2,1,4,3,4,3,3,3,2,3,1,3,2,3,2,3,1,2,5,2,5,4,2,4,1,2,2,1,1,1,0,1,0,0,0,1,2.16666674613953,2.40000009536743,3.59999990463257,3.79999995231628,2.40000009536743,5,3,2,4,3.20000004768372
72802,1028,6,3,2,2,4,1,2,4,2,3,2,3,5,4,4,3,3,2,5,2,2,4,3,2,2,2,3,3,2,1,3,3,3,4,3,3,3,0,2,1,0,0,1,0,1,1,0,1,1,3.16666674613953,2.79999995231628,3,2.79999995231628,3,5,3,0,2.20000004768372,2.79999995231628
62924,1029,8,5,5,5,1,1,5,1,1,1,5,5,4,5,1,4,4,2,1,3,5,1,5,4,4,1,5,5,4,1,4,4,4,3,2,3,4,1,0,0,1,0,0,1,0,0,0,0,0,1.16666662693024,3.79999995231628,3.40000009536743,4.40000009536743,4.59999990463257,0,0,3,5,1
62921,1029,7,3,2,1,1,1,2,1,1,1,3,4,2,5,2,4,4,2,1,2,5,2,5,3,3,1,5,4,3,1,3,4,5,1,1,3,4,1,0,0,1,0,0,1,0,1,0,0,0,1.33333337306976,3.20000004768372,2.20000004768372,4.40000009536743,4.40000009536743,1,0,3,2.20000004768372,1
62925,1029,9,4,4,4,1,1,5,1,1,1,5,3,5,5,3,4,3,5,1,4,5,2,3,5,5,4,5,3,5,3,5,5,3,4,2,5,5,1,1,0,0,0,0,0,1,1,0,1,0,2.5,4.80000019073486,4.80000019073486,4.80000019073486,3,2,2,1,4.40000009536743,1
62914,1029,5,5,4,4,1,1,4,1,1,1,4,5,3,5,1,4,3,2,1,5,5,1,5,3,4,1,5,4,3,1,5,4,5,1,1,4,4,0,0,0,0,0,0,0,0,0,0,0,0,1,4.59999990463257,2.40000009536743,4.40000009536743,4.40000009536743,0,0,0,4.19999980926514,1
62912,1029,4,5,4,5,1,1,4,1,1,1,4,5,3,5,1,4,4,3,1,5,5,1,5,4,4,1,5,3,4,1,4,4,5,1,1,4,4,0,0,0,0,0,0,0,0,0,0,0,0,1,4.40000009536743,3,4.40000009536743,4.40000009536743,0,0,0,4.40000009536743,1
62909,1029,6,5,5,5,1,1,5,1,1,1,5,5,5,5,1,4,5,5,1,5,5,1,5,5,4,1,5,5,5,1,5,5,5,2,1,5,5,0,0,0,0,0,0,0,0,0,0,0,0,1,4.80000019073486,4.40000009536743,4.80000019073486,5,0,0,0,5,1
62903,1029,3,5,5,5,1,1,4,1,1,1,4,5,4,5,1,4,4,4,1,5,5,1,5,5,4,1,5,4,5,1,5,5,5,2,1,5,4,0,0,0,0,0,0,0,0,0,0,0,0,1,4.80000019073486,4,4.59999990463257,4.59999990463257,0,0,0,4.59999990463257,1
62927,1029,10,4,4,3,1,1,4,2,1,1,5,3,5,5,3,5,2,5,3,3,5,4,3,5,3,4,5,3,5,2,4,5,3,4,3,5,5,1,1,0,0,0,0,0,1,0,0,0,1,3.16666674613953,4,4.80000019073486,5,2.79999995231628,1,2,1,4,1.20000004768372
62902,1029,2,5,4,4,1,1,4,1,1,3,4,3,3,5,3,5,2,3,1,4,5,2,4,4,4,1,5,3,4,3,5,5,4,3,2,4,5,0,0,0,0,0,0,0,1,0,0,1,1,2,4.40000009536743,3.40000009536743,5,3.20000004768372,0,3,0,4.19999980926514,1.39999997615814
62919,1029,1,5,4,4,1,1,4,1,1,1,4,4,2,5,1,5,3,2,1,3,5,1,5,4,4,1,5,4,5,1,3,5,4,2,1,3,5,1,0,0,0,0,0,1,0,0,0,0,0,1,3.59999990463257,3,5,4,0,0,2,4.19999980926514,1
63014,1030,2,5,5,5,1,2,5,1,1,1,5,4,4,4,1,5,3,4,2,4,5,2,4,5,4,3,5,4,4,1,5,5,4,3,1,5,5,0,0,0,1,1,0,0,1,1,0,0,0,1.66666662693024,4.40000009536743,4,5,3.79999995231628,1,2,1,5,1.20000004768372
63009,1030,9,5,4,4,2,2,4,1,4,2,5,3,3,2,4,5,3,2,5,1,4,5,4,3,1,2,5,3,3,2,2,4,4,2,2,2,4,2,1,0,2,1,0,0,0,1,1,0,1,3.33333325386047,1.60000002384186,2.59999990463257,4.40000009536743,3.40000009536743,2,2,5,4.40000009536743,2.20000004768372
63010,1030,1,5,5,5,1,2,5,1,1,1,5,3,4,5,1,5,3,5,1,5,5,1,3,5,4,4,5,3,5,1,5,5,4,3,1,5,5,0,0,0,0,0,0,0,1,0,0,0,0,1.5,4.80000019073486,4.40000009536743,5,3.20000004768372,0,1,0,5,1.20000004768372
63013,1030,7,5,5,5,1,2,5,1,2,2,5,3,3,3,2,4,3,3,3,3,4,3,3,3,2,3,4,3,3,1,4,4,3,2,3,4,4,2,1,0,1,1,1,0,1,1,1,1,1,2.5,3.20000004768372,2.79999995231628,4,3,3,4,4,5,1.60000002384186
63001,1030,6,5,5,5,1,2,5,1,1,1,5,4,5,5,1,5,4,5,2,5,5,2,4,5,4,3,5,4,5,1,5,5,4,3,2,5,5,0,0,0,0,1,0,0,1,0,0,0,0,1.83333337306976,4.80000019073486,4.59999990463257,5,4,0,2,0,5,1.20000004768372
63002,1030,10,5,4,4,2,2,4,2,4,2,4,2,3,2,4,5,3,3,5,1,4,5,3,3,1,2,5,2,3,3,2,4,2,3,3,2,4,2,1,0,2,1,0,0,1,1,1,1,1,3.66666674613953,1.60000002384186,3,4.40000009536743,2.40000009536743,2,4,5,4.19999980926514,2.40000009536743
63015,1030,3,5,5,5,1,2,5,1,1,2,5,3,3,4,1,3,2,3,2,3,5,2,3,4,3,4,4,3,3,1,4,3,3,3,2,4,4,1,1,0,1,1,1,0,1,1,0,0,1,2,3.59999990463257,3.20000004768372,3.79999995231628,2.79999995231628,3,3,2,5,1.39999997615814
63007,1030,8,5,2,4,4,4,3,4,4,5,3,1,5,2,3,2,2,1,3,1,2,3,2,2,3,2,2,2,2,4,2,2,1,1,4,1,2,2,2,0,2,2,1,0,2,1,0,2,2,3.16666674613953,1.79999995231628,2.20000004768372,2,1.60000002384186,4,8,4,3.40000009536743,4.19999980926514
63005,1030,5,5,4,4,2,2,4,1,2,2,4,4,4,3,1,4,4,3,2,2,5,2,4,4,3,2,5,3,5,1,4,5,4,2,1,3,5,1,0,0,1,1,0,0,0,1,0,0,0,1.5,3,3.59999990463257,4.80000019073486,3.79999995231628,1,1,2,4.19999980926514,1.79999995231628
63017,1030,4,5,4,4,2,2,4,1,2,2,4,3,2,3,1,3,2,2,2,2,5,2,3,3,2,3,3,3,3,1,3,2,4,2,1,3,3,2,1,0,2,1,1,0,0,1,1,0,0,1.66666662693024,2.59999990463257,2.40000009536743,3.20000004768372,3,3,1,5,4.19999980926514,1.79999995231628
63110,1031,3,3,4,3,1,1,3,1,1,1,4,4,4,5,1,5,4,3,1,5,5,1,5,3,4,1,5,4,3,1,5,4,4,2,1,5,4,2,0,0,0,0,0,0,0,0,0,0,0,1,4.80000019073486,3,4.59999990463257,4.19999980926514,0,0,2,3.40000009536743,1
63105,1031,4,3,4,3,1,1,4,1,1,1,4,3,4,3,2,5,3,3,3,3,5,3,4,3,2,1,5,4,3,2,4,4,2,3,2,2,5,1,0,0,0,0,0,0,1,0,0,0,1,2.16666674613953,2.79999995231628,3.20000004768372,4.80000019073486,3.20000004768372,0,2,1,3.59999990463257,1
63102,1031,7,3,4,3,1,1,3,1,1,1,4,4,4,5,1,5,3,4,1,5,5,1,5,3,4,1,5,4,4,1,5,4,4,3,1,5,5,2,0,0,0,0,0,0,0,0,0,0,0,1,4.80000019073486,3.59999990463257,4.80000019073486,4,0,0,2,3.40000009536743,1
63108,1031,8,3,4,3,2,1,3,2,2,1,4,3,3,4,2,5,3,3,3,4,5,3,3,4,2,2,5,2,5,2,4,4,3,3,2,3,5,1,1,0,0,1,0,0,1,0,0,0,1,2.33333325386047,3.40000009536743,3.59999990463257,4.80000019073486,2.79999995231628,1,3,1,3.40000009536743,1.60000002384186
63103,1031,2,4,4,4,1,1,4,1,1,1,4,5,5,5,1,5,4,5,1,5,5,1,5,5,4,1,5,4,5,1,5,4,4,2,1,5,5,2,0,0,0,0,0,0,0,0,0,0,0,1,4.80000019073486,4.40000009536743,4.80000019073486,4.40000009536743,0,0,2,4,1
63109,1031,9,3,4,3,3,2,3,4,3,1,4,2,3,3,3,4,3,3,3,3,3,3,3,3,2,2,4,2,4,4,4,4,3,3,3,3,3,2,1,1,1,1,0,0,1,0,0,0,1,3,3,3.20000004768372,3.59999990463257,2.59999990463257,2,3,3,3.40000009536743,2.59999990463257
63113,1031,1,4,4,4,1,1,3,1,1,1,4,4,5,5,1,5,4,5,1,5,5,1,5,5,4,1,5,4,5,1,5,4,4,4,1,5,4,2,0,0,0,0,0,0,0,0,0,0,0,1,4.80000019073486,4.80000019073486,4.59999990463257,4.19999980926514,0,0,2,3.79999995231628,1
63118,1031,10,3,4,3,1,1,3,1,1,1,4,4,4,5,1,4,3,2,1,5,5,1,5,2,4,1,4,4,2,1,4,4,4,2,1,4,5,2,0,0,0,0,0,0,0,0,0,0,0,1,4.40000009536743,2.40000009536743,4.40000009536743,4,0,0,2,3.40000009536743,1
63117,1031,6,4,5,4,4,3,4,4,4,1,5,2,3,3,4,2,2,3,4,2,2,4,2,3,2,4,2,2,5,5,3,1,2,3,4,2,2,1,1,1,1,1,1,0,2,1,0,0,2,4.16666650772095,2.40000009536743,3.40000009536743,1.79999995231628,2,4,5,2,4.40000009536743,3.20000004768372
63112,1031,5,5,5,4,2,1,4,3,2,1,4,3,3,3,2,5,4,3,4,3,4,4,2,4,2,4,5,3,5,2,3,4,2,3,2,2,5,1,0,0,1,1,0,0,1,1,0,0,1,3,2.59999990463257,3.59999990463257,4.59999990463257,2.79999995231628,1,3,2,4.40000009536743,1.79999995231628
63203,1032,2,4,4,4,2,1,4,1,1,1,4,5,3,5,1,4,4,4,1,5,5,1,4,4,5,1,4,4,4,1,5,4,4,2,1,5,4,0,0,0,0,0,0,0,0,0,0,0,0,1,5,3.40000009536743,4.19999980926514,4.19999980926514,0,0,0,4,1.20000004768372
63239,1032,16,5,4,4,1,1,2,1,1,2,3,5,2,5,1,2,3,2,1,5,4,1,4,2,2,2,3,4,1,1,2,2,4,1,1,1,3,1,0,0,1,0,0,1,0,2,1,0,0,1.16666662693024,3,1.60000002384186,2.79999995231628,4,2,0,4,3.59999990463257,1.20000004768372
63211,1032,6,3,3,3,2,1,4,1,1,1,4,4,3,4,2,4,4,3,1,4,4,1,4,4,3,2,4,4,4,1,5,4,4,3,2,4,4,0,0,0,0,0,0,0,0,0,0,0,0,1.5,4,3.40000009536743,4,4,0,0,0,3.40000009536743,1.20000004768372
63237,1032,4,3,3,3,4,1,1,1,1,1,4,2,1,3,2,4,2,1,2,2,1,2,4,2,2,2,2,2,1,1,3,2,2,1,4,1,3,2,0,0,2,0,0,2,0,0,1,0,0,2.16666674613953,2.20000004768372,1.20000004768372,2.40000009536743,2.40000009536743,0,0,7,2.79999995231628,1.60000002384186
63230,1032,5,3,3,3,2,1,1,1,1,1,4,4,1,4,1,4,2,1,1,5,2,1,4,4,4,1,3,4,2,1,4,3,3,1,2,2,3,0,0,0,0,0,0,0,0,0,0,0,0,1.16666662693024,3.79999995231628,1.79999995231628,3,3.40000009536743,0,0,0,2.79999995231628,1.20000004768372
63224,1032,14,4,4,3,4,1,4,1,1,2,4,2,2,3,2,4,4,3,2,4,3,2,3,4,3,4,4,4,3,1,4,3,3,3,3,3,3,1,0,0,1,1,0,0,0,0,1,0,0,2.33333325386047,3.40000009536743,3,3.40000009536743,3.20000004768372,0,1,3,3.79999995231628,1.79999995231628
63205,1032,11,5,4,4,1,1,2,1,1,2,3,4,3,5,1,4,4,4,1,5,5,1,4,5,4,1,4,4,4,1,5,5,5,4,1,5,4,0,0,0,0,0,0,0,0,0,0,0,0,1,4.80000019073486,4,4.40000009536743,4.19999980926514,0,0,0,3.59999990463257,1.20000004768372
63210,1032,12,4,4,3,1,1,2,1,1,2,3,4,2,5,1,4,4,2,1,5,4,1,4,2,3,1,4,4,2,1,4,3,4,2,1,3,4,0,0,0,0,0,0,0,0,0,0,0,0,1,4,2,3.79999995231628,4,0,0,0,3.20000004768372,1.20000004768372
63220,1032,1,4,5,4,2,1,5,1,1,1,4,5,3,5,1,4,4,4,1,5,5,1,4,4,4,1,4,4,5,1,4,4,4,2,2,5,4,0,0,0,0,0,0,0,0,0,0,0,0,1.16666662693024,4.59999990463257,3.59999990463257,4.19999980926514,4.19999980926514,0,0,0,4.40000009536743,1.20000004768372
63209,1032,7,3,3,3,4,1,1,1,1,1,4,4,1,2,2,4,2,1,2,3,3,2,4,2,2,1,3,3,1,1,2,3,3,1,2,1,3,1,0,0,1,0,0,0,0,0,0,0,0,1.66666662693024,2,1.20000004768372,3.20000004768372,3.20000004768372,0,0,2,2.79999995231628,1.60000002384186
63229,1032,10,5,5,4,2,1,1,1,1,1,4,4,3,2,2,4,3,3,2,2,4,2,4,4,2,2,4,4,4,1,3,3,4,4,2,4,4,1,0,0,1,0,0,0,0,0,0,0,0,1.83333337306976,2.59999990463257,3.59999990463257,3.79999995231628,3.79999995231628,0,0,2,3.79999995231628,1.20000004768372
63215,1032,9,5,5,4,2,1,4,1,1,1,4,4,3,4,1,4,3,3,1,4,5,1,4,4,4,2,4,3,3,1,3,3,4,1,2,2,2,0,0,0,0,0,0,0,0,0,0,0,0,1.33333337306976,3.40000009536743,2.79999995231628,3.59999990463257,3.59999990463257,0,0,0,4.40000009536743,1.20000004768372
63221,1032,8,3,3,3,4,1,1,1,1,1,4,4,1,3,2,4,2,1,2,2,4,2,4,2,1,2,3,4,1,1,2,2,4,1,2,1,3,2,0,0,2,0,0,0,0,2,0,0,0,1.83333337306976,1.79999995231628,1.20000004768372,3.20000004768372,3.59999990463257,2,0,4,2.79999995231628,1.60000002384186
63236,1032,3,3,3,3,4,1,1,1,1,1,4,4,1,2,1,4,3,1,2,4,3,2,4,2,2,2,2,2,1,1,2,2,4,1,4,1,3,2,0,0,1,0,0,0,0,0,0,0,0,2,2.20000004768372,1.20000004768372,2.79999995231628,3.40000009536743,0,0,3,2.79999995231628,1.60000002384186
63217,1032,13,4,4,3,3,1,2,1,1,2,3,3,2,4,1,4,3,2,1,5,4,1,3,3,3,2,4,4,3,1,4,4,4,2,1,3,4,0,0,0,0,0,0,0,0,0,0,0,0,1.16666662693024,3.79999995231628,2.40000009536743,4,3.40000009536743,0,0,0,3.20000004768372,1.60000002384186
63227,1032,15,5,4,4,1,1,2,1,1,2,3,5,4,5,1,4,4,5,1,5,5,1,5,5,2,1,4,4,4,1,5,5,5,4,1,5,5,0,0,0,0,0,0,0,0,0,0,0,0,1,4.40000009536743,4.40000009536743,4.59999990463257,4.59999990463257,0,0,0,3.59999990463257,1.20000004768372
23319,1033,1,5,5,5,1,1,5,1,1,1,2,5,5,5,1,5,2,5,1,5,5,2,5,5,5,1,5,4,5,1,5,4,4,2,1,5,5,0,0,0,0,0,0,0,0,0,0,0,0,1.16666662693024,5,4.40000009536743,4.80000019073486,4,0,0,0,4.40000009536743,1
23315,1033,10,5,5,5,3,5,5,4,4,1,5,2,5,5,5,5,2,4,2,3,5,2,3,5,1,2,5,1,5,2,1,4,1,1,2,2,4,1,2,0,2,2,2,1,2,2,2,2,2,2.5,2.40000009536743,4,4.59999990463257,1.79999995231628,6,8,6,5,3.40000009536743
23305,1033,5,4,5,5,1,1,2,1,1,1,2,4,3,5,1,5,3,4,1,5,4,2,5,5,4,1,5,2,5,1,5,3,4,1,1,5,4,0,1,1,0,1,1,0,0,0,0,0,0,1.16666662693024,4.80000019073486,3.59999990463257,4.19999980926514,3.59999990463257,3,1,0,3.59999990463257,1
23309,1033,9,5,5,5,1,2,5,1,1,1,5,4,5,5,1,5,5,5,1,5,5,1,5,5,4,2,5,3,5,1,5,5,4,2,1,5,5,0,0,2,1,0,0,0,0,0,0,0,0,1.16666662693024,4.80000019073486,4.40000009536743,5,4.19999980926514,2,0,1,5,1.20000004768372
23310,1033,6,4,5,5,1,1,5,1,1,1,4,3,4,4,1,5,3,2,1,4,5,1,5,2,3,2,5,3,2,1,2,4,2,1,1,3,5,1,1,1,2,1,1,2,1,2,1,0,1,1.16666662693024,3.20000004768372,2.20000004768372,4.80000019073486,3.20000004768372,5,3,6,4.59999990463257,1
23324,1033,3,4,4,5,4,1,5,1,1,1,2,3,2,4,2,5,3,3,1,4,2,2,5,3,5,2,5,3,2,1,4,3,3,1,1,4,3,1,1,1,1,2,1,0,0,0,0,0,0,1.5,4.19999980926514,2.20000004768372,3.59999990463257,3.40000009536743,3,2,2,4,1.60000002384186
23323,1033,2,5,4,5,1,1,5,1,1,1,5,5,5,5,1,5,3,5,1,5,5,2,5,5,5,2,5,2,5,1,5,5,4,2,1,5,5,0,0,0,0,0,0,0,0,0,0,0,0,1.33333337306976,5,4.40000009536743,5,3.79999995231628,0,0,0,4.80000019073486,1
23314,1033,4,5,5,5,1,1,5,1,1,1,5,5,2,3,2,5,3,3,1,3,2,1,5,4,4,1,5,2,3,1,1,4,2,1,1,1,4,2,1,1,2,0,2,1,0,2,1,0,1,1.16666662693024,2.40000009536743,2.59999990463257,4,3.40000009536743,6,1,6,5,1
23307,1033,7,4,4,5,1,1,1,1,1,3,2,3,1,5,1,1,3,2,2,4,2,1,5,2,3,1,1,1,2,1,3,1,3,1,1,3,1,1,1,2,2,1,1,1,1,1,1,0,1,1.16666662693024,3.59999990463257,1.60000002384186,1.20000004768372,3,5,3,5,3.20000004768372,1.39999997615814
23304,1033,8,5,5,5,3,1,4,1,4,1,4,3,3,5,4,2,2,2,2,1,3,2,3,3,2,2,1,2,4,2,1,1,2,1,1,2,2,1,2,2,2,1,1,2,1,1,1,0,1,2.16666674613953,2.20000004768372,2.59999990463257,1.79999995231628,2.40000009536743,6,3,6,4.59999990463257,2
