"stud_id","chal_1","chal_2","chal_3","chal_4","chal_5","q2_1_1","q2_1_2","q2_1_3","q2_1_4","q2_1_5","q2_1_6","q2_2_1","q2_2_2","q2_2_3","q2_2_4","q2_2_5","q2_2_6","q3_1_1","q3_1_2","q3_1_3","q3_1_4","q3_1_5","q3_1_6","q3_1_7","q3_1_8","q3_1_9","q3_1_10","q3_1_3_rev","s_cp","s_intrin","s_extrin","s_aut"
80104,1,0,0,1,1,3,3,2,1,1,3,2,2,1,2,2,2,5,4,4,4,4,3,4,3,2,3,2,0.6,2.33333333333333,1.66666666666667,3.4
80102,1,1,1,1,1,2,3,3,3,1,3,3,3,2,2,2,3,4,4,2,3,2,2,5,2,4,2,4,1,2.66666666666667,2.33333333333333,3.2
80119,1,1,1,1,1,2,3,2,3,2,3,3,1,2,3,2,1,3,2,2,3,3,3,4,5,3,3,4,1,2,2.5,3.3
80110,1,1,0,1,1,3,2,1,3,3,2,2,2,3,2,3,2,3,2,2,2,2,2,2,2,2,3,4,0.8,2,2.66666666666667,2.4
80111,1,1,1,1,1,3,3,3,2,2,3,3,3,3,3,3,3,3,4,5,4,3,4,2,4,1,2,1,1,3,2.66666666666667,2.8
80113,1,1,1,1,1,2,3,3,2,2,2,3,2,2,2,3,2,2,4,5,3,2,4,2,1,1,1,1,1,2.16666666666667,2.5,2.1
80122,1,1,1,1,1,2,2,3,3,3,1,2,1,3,1,3,1,3,2,3,4,5,2,2,3,1,3,3,1,1.5,2.66666666666667,2.8
80116,1,1,1,1,1,3,3,2,3,3,3,3,3,3,3,3,2,4,5,1,3,3,4,5,4,3,4,5,1,2.66666666666667,3,4
80107,1,1,0,1,1,1,2,2,2,2,2,2,2,2,3,3,1,1,2,5,3,2,2,1,2,1,2,1,0.8,1.83333333333333,2.16666666666667,1.7
80108,1,1,0,1,1,3,3,3,3,2,3,3,3,2,3,3,2,4,4,2,2,2,4,5,2,5,2,4,0.8,2.83333333333333,2.66666666666667,3.4
80101,1,1,0,1,1,2,2,3,3,3,3,3,3,3,2,3,2,5,5,2,4,4,3,4,3,3,4,4,0.8,2.5,2.83333333333333,3.9
80105,1,1,0,1,1,3,2,2,2,1,3,2,2,2,2,3,2,3,5,2,3,3,4,4,3,2,3,4,0.8,2.33333333333333,2,3.4
80115,1,1,0,1,1,3,3,2,3,3,3,3,3,3,3,2,2,4,4,1,2,3,2,3,5,2,3,5,0.8,2.66666666666667,2.83333333333333,3.3
80124,1,1,1,1,1,2,3,2,3,2,3,3,2,2,2,2,1,4,2,1,2,2,4,5,3,4,2,5,1,2,2.5,3.3
80117,1,1,1,1,1,2,3,3,3,3,3,3,3,3,3,3,3,4,3,4,3,4,2,3,4,2,4,2,1,2.83333333333333,3,3.1
80109,1,1,1,1,1,2,3,3,2,3,3,3,3,3,3,3,3,4,3,4,2,2,2,2,2,2,2,2,1,2.83333333333333,2.83333333333333,2.3
80118,1,1,1,1,1,3,3,3,2,1,3,3,2,3,2,3,2,4,2,3,2,2,3,2,2,3,4,3,1,2.5,2.5,2.7
80120,1,1,0,1,1,2,3,2,2,1,3,3,3,1,3,1,3,4,2,3,4,4,2,4,2,3,4,3,0.8,2.66666666666667,1.83333333333333,3.2
80114,1,1,0,1,0,2,3,2,2,1,3,3,3,1,3,2,3,4,3,3,4,4,3,4,4,1,4,3,0.6,2.66666666666667,2,3.4
80121,0,1,1,1,1,2,3,2,2,3,3,2,2,1,3,3,2,4,2,5,4,2,2,1,2,1,4,1,0.8,2.33333333333333,2.33333333333333,2.3
80112,1,1,1,1,1,2,3,1,3,1,3,3,3,1,3,2,2,4,4,3,2,2,3,3,4,2,4,3,1,2.33333333333333,2.16666666666667,3.1
80123,1,1,1,1,1,3,2,2,2,1,3,2,2,1,2,3,2,4,4,2,3,4,5,4,4,4,4,4,1,2.33333333333333,1.83333333333333,4
60201,1,1,1,1,1,3,3,2,1,2,3,3,3,1,3,3,2,3,2,,,,,,,,,,1,2.66666666666667,2.16666666666667,
60202,1,1,0,1,0,2,3,2,3,1,3,3,3,1,3,2,1,,,,,,,,,,,,0.6,2.33333333333333,2.16666666666667,
60203,1,1,1,1,1,3,3,3,3,2,3,3,3,2,3,3,3,,,,,,,,,,,,1,3,2.66666666666667,
60204,0,0,0,0,0,3,3,3,3,3,3,3,3,2,3,3,3,,,,,,,,,,,,0,3,2.83333333333333,
60205,1,1,0,1,1,2,3,3,2,1,3,3,3,1,3,2,3,,,,,,,,,,,,0.8,2.83333333333333,2,
60206,1,1,0,1,1,3,3,2,2,3,3,3,2,3,3,3,2,,,,,,,,,,,,0.8,2.5,2.83333333333333,
60207,0,1,1,0,1,1,3,2,2,1,3,3,3,1,3,3,1,,,,,,,,,,,,0.6,2.16666666666667,2.16666666666667,
60208,0,0,1,0,1,3,3,3,3,2,3,3,3,3,2,2,2,,5,4,4,2,1,2,,,,2,0.4,2.66666666666667,2.66666666666667,2.66666666666667
60209,1,1,0,1,1,2,3,2,3,2,3,3,3,3,3,3,2,,,,,,,,,,,,0.8,2.5,2.83333333333333,
60210,1,1,0,1,0,2,2,2,1,1,2,3,3,1,3,2,2,,,,,,,,,,,,0.6,2.33333333333333,1.66666666666667,
60211,1,1,1,1,1,2,3,2,2,2,3,2,2,2,3,2,2,,,,,,,,,,,,1,2.33333333333333,2.16666666666667,
60213,0,0,1,0,1,3,3,3,3,2,3,3,2,3,3,3,2,,,,,,,,,,,,0.4,2.66666666666667,2.83333333333333,
60214,1,0,0,0,1,2,3,3,3,2,2,3,2,2,3,3,1,,,,,,,,,,,,0.4,2.16666666666667,2.66666666666667,
60215,1,1,1,1,0,3,3,3,1,1,3,3,3,1,3,2,1,,,,,,,,,,,,0.8,2.66666666666667,1.83333333333333,
60216,1,1,0,1,1,3,3,3,3,2,3,3,3,2,3,3,2,,,,,,,,,,,,0.8,2.83333333333333,2.66666666666667,
60217,1,1,1,1,1,2,3,3,3,1,3,3,3,1,3,2,2,,3,1,,,,,,,,5,1,2.66666666666667,2.16666666666667,
60218,0,0,0,0,0,3,3,3,2,2,3,3,2,2,3,3,1,,,,,,,,,,,,0,2.5,2.5,
60219,1,0,1,1,1,3,3,3,3,3,3,3,3,3,3,3,3,,,,,,,,,,,,0.8,3,3,
60220,1,1,0,1,1,2,3,3,3,2,3,3,2,3,3,3,2,,,,,,,,,,,,0.8,2.5,2.83333333333333,
60221,1,1,0,0,1,2,3,3,3,3,3,3,3,2,3,3,2,,,,,,,,,,,,0.6,2.66666666666667,2.83333333333333,
60222,1,1,1,1,1,2,3,3,3,2,3,3,2,1,3,3,2,,,,,,,,,,,,1,2.5,2.5,
60223,0,0,1,1,1,3,3,3,2,3,3,3,3,3,3,3,2,,,,,,,,,,,,0.6,2.83333333333333,2.83333333333333,
60224,1,1,0,1,0,3,3,2,2,1,3,3,2,2,3,2,2,,,,,,,,,,,,0.6,2.5,2.16666666666667,
60225,1,1,0,1,1,3,2,3,1,1,3,2,3,1,3,2,3,,,,,,,,,,,,0.8,3,1.5,
60226,1,1,1,1,1,3,3,3,3,1,3,3,3,1,3,3,3,,,,,,,,,,,,1,3,2.33333333333333,
60301,0,0,1,1,1,3,3,2,3,3,3,2,2,3,3,3,2,2,2,5,2,3,1,2,2,1,2,1,0.6,2.5,2.83333333333333,1.8
60303,1,1,1,1,1,2,3,3,2,3,3,3,3,3,3,3,3,2,1,5,1,2,1,3,1,1,1,1,1,2.83333333333333,2.83333333333333,1.4
60305,1,1,1,1,1,3,3,3,1,3,3,3,3,2,3,3,3,2,1,5,2,2,1,2,2,1,1,1,1,3,2.5,1.5
60307,1,1,1,1,1,2,3,2,2,3,3,2,2,3,3,2,1,2,2,5,2,2,2,5,2,1,2,1,1,2.16666666666667,2.5,2.1
60308,0,1,1,1,0,1,1,1,1,3,1,1,1,3,2,1,1,2,2,5,2,5,1,1,1,1,3,1,0.6,1.16666666666667,1.66666666666667,1.9
60309,1,1,1,1,1,3,3,3,2,2,3,3,3,3,3,3,3,2,1,5,3,2,1,1,2,1,2,1,1,3,2.66666666666667,1.6
60310,1,1,1,1,1,3,3,3,1,2,3,3,3,2,3,3,3,2,1,5,2,2,1,2,2,1,1,1,1,3,2.33333333333333,1.5
60313,1,1,0,1,1,3,3,2,3,3,3,3,2,3,3,3,1,2,1,5,5,3,1,1,2,2,5,1,0.8,2.33333333333333,3,2.3
60314,0,1,1,1,1,3,3,3,3,3,3,3,3,3,3,3,2,5,2,5,2,2,1,2,3,1,1,1,0.8,2.83333333333333,3,2
60315,1,1,1,1,1,3,3,3,3,3,3,3,3,3,3,3,3,1,2,5,2,2,2,2,2,1,2,1,1,3,3,1.7
60316,1,1,1,1,1,2,3,3,2,2,3,3,3,2,3,2,2,2,1,3,2,3,2,3,1,1,2,3,1,2.66666666666667,2.33333333333333,2
60317,0,1,0,1,1,3,3,3,3,3,3,3,3,3,3,3,3,2,1,5,3,1,1,1,2,3,1,1,0.6,3,3,1.6
60318,0,0,0,1,1,2,3,3,2,2,3,3,3,2,3,3,3,2,2,5,4,4,3,2,2,1,3,1,0.4,2.83333333333333,2.5,2.4
60319,1,1,1,1,1,3,3,3,3,3,3,3,3,3,3,3,3,2,1,5,5,1,1,1,2,1,1,1,1,3,3,1.6
60320,1,1,1,1,1,3,3,3,3,3,3,3,3,3,3,3,2,2,2,5,5,1,1,1,2,2,1,1,1,2.83333333333333,3,1.8
60321,1,1,1,1,1,2,1,3,1,2,3,1,3,2,3,3,1,2,2,4,3,1,1,2,2,1,3,2,1,2.5,1.66666666666667,1.9
60322,1,1,1,0,0,3,3,3,3,3,3,3,3,3,3,3,3,2,1,5,5,2,5,1,2,1,1,1,0.6,3,3,2.1
60323,1,1,1,1,1,3,3,3,3,2,3,3,3,3,3,3,3,2,2,1,2,2,1,2,2,1,2,5,1,3,2.83333333333333,2.1
80401,1,1,0,1,1,2,2,1,2,1,3,2,2,1,3,2,1,2,3,2,2,2,2,3,2,2,1,4,0.8,2,1.66666666666667,2.3
80402,1,1,1,0,1,2,3,1,2,3,2,3,2,3,2,,1,3,2,2,2,2,2,2,2,1,1,4,0.8,1.66666666666667,2.8,2.1
80403,1,1,1,1,1,2,2,3,2,1,1,2,2,2,3,1,2,2,4,2,1,2,3,2,1,1,2,4,1,2.16666666666667,1.66666666666667,2.2
80404,1,1,0,1,1,2,2,2,2,2,2,2,2,3,1,3,2,2,2,4,2,2,2,2,3,4,2,2,0.8,1.83333333333333,2.33333333333333,2.3
80405,0,0,0,0,0,2,3,2,1,1,3,3,1,1,2,3,3,3,2,1,2,1,1,5,1,1,1,5,0,2.16666666666667,2,2.2
80406,1,1,1,0,1,2,3,2,2,1,2,2,2,1,3,2,2,3,3,4,2,2,3,2,2,1,3,2,0.8,2.16666666666667,1.83333333333333,2.3
80407,1,1,1,1,1,2,3,3,1,1,3,3,3,1,3,2,3,3,3,4,4,2,3,3,2,4,2,2,1,2.83333333333333,1.83333333333333,2.8
80408,,0,,0,1,2,2,2,2,1,2,1,2,1,1,,2,,1,5,5,5,2,,5,3,1,1,0.333333333333333,1.83333333333333,1.4,2.875
80409,1,1,1,1,1,3,2,3,1,1,3,2,2,1,2,1,2,2,4,2,2,1,3,5,2,2,2,4,1,2.5,1.33333333333333,2.7
80410,1,1,0,1,1,1,3,1,1,2,1,3,1,2,1,2,1,2,2,4,1,1,2,4,1,1,1,2,0.8,1,2.16666666666667,1.7
80411,0,1,1,1,1,2,3,2,2,2,3,2,2,3,2,2,2,2,2,4,2,1,1,3,1,1,1,2,0.8,2.16666666666667,2.33333333333333,1.6
80412,0,1,0,1,1,2,3,3,2,1,2,2,2,2,2,3,1,3,2,4,2,3,2,2,2,1,2,2,0.6,2,2.16666666666667,2.1
80413,1,1,1,1,1,2,3,2,2,1,3,3,3,1,3,1,3,2,4,5,3,4,5,3,3,4,4,1,1,2.66666666666667,1.83333333333333,3.3
80415,1,1,0,1,1,3,3,2,3,1,2,1,1,2,2,1,2,2,2,3,2,2,4,1,4,5,2,3,0.8,2,1.83333333333333,2.7
80416,0,1,0,0,1,3,3,3,2,2,3,1,1,3,3,1,1,,2,2,2,1,2,3,3,1,1,4,0.4,2.33333333333333,2,2.11111111111111
80417,1,1,0,1,1,2,3,3,3,1,2,3,2,2,3,3,2,2,3,3,2,3,2,3,4,1,2,3,0.8,2.33333333333333,2.5,2.5
80418,0,1,0,1,1,2,3,1,3,3,1,2,1,3,2,3,1,2,4,5,2,2,3,3,2,1,3,1,0.6,1.33333333333333,2.83333333333333,2.3
80419,1,1,0,1,1,1,3,2,2,1,2,3,2,2,1,3,1,2,2,5,2,1,2,2,1,1,1,1,0.8,1.5,2.33333333333333,1.5
80420,1,1,1,1,1,3,3,3,3,3,2,2,1,3,2,3,1,2,2,2,1,1,1,1,2,4,2,4,1,2,2.83333333333333,2
80421,0,0,1,0,0,3,3,2,3,3,3,3,3,2,3,1,3,3,2,5,2,1,2,1,2,1,1,1,0.2,2.83333333333333,2.5,1.6
80423,1,1,1,1,1,2,2,2,1,1,3,2,2,1,3,1,3,3,2,2,2,1,4,4,2,3,2,4,1,2.5,1.33333333333333,2.7
10501,1,1,0,1,1,2,3,2,1,1,3,2,2,1,1,3,1,2,2,5,5,4,2,1,1,1,2,1,0.8,1.83333333333333,1.83333333333333,2.1
10502,1,0,1,0,1,3,3,2,3,3,3,3,3,3,3,3,2,2,1,5,1,1,1,1,2,1,1,1,0.6,2.66666666666667,3,1.2
10503,1,0,1,1,1,3,3,3,3,3,3,3,3,3,3,3,3,4,1,4,3,1,1,4,5,2,3,2,0.8,3,3,2.6
10504,1,1,1,1,1,2,3,2,2,3,3,3,3,3,3,3,2,2,2,4,2,2,1,2,2,2,2,2,1,2.5,2.83333333333333,1.9
10505,1,1,1,1,1,1,3,2,3,3,2,3,2,3,2,3,2,2,1,5,3,2,2,1,1,2,1,1,1,1.83333333333333,3,1.6
10508,1,1,1,1,0,2,3,2,3,2,3,2,3,1,3,3,1,2,1,5,3,3,1,3,2,1,2,1,0.8,2.33333333333333,2.33333333333333,1.9
10509,1,1,1,1,1,3,3,2,1,1,3,3,3,1,3,1,3,2,1,5,1,4,1,1,3,1,1,1,1,2.83333333333333,1.66666666666667,1.6
10510,1,1,0,1,1,3,3,3,1,2,3,3,3,2,3,3,3,4,2,3,3,3,4,1,1,2,3,3,0.8,3,2.33333333333333,2.6
10512,1,1,0,1,0,3,1,3,1,1,3,2,3,2,3,3,1,1,1,5,4,5,1,4,4,1,3,1,0.6,2.66666666666667,1.66666666666667,2.5
10513,1,1,1,1,1,1,3,2,1,1,3,3,3,1,3,1,1,1,1,2,2,3,1,1,2,2,2,4,1,2.16666666666667,1.66666666666667,1.9
10514,1,0,0,1,0,1,2,1,3,1,3,3,2,1,2,3,3,2,1,5,2,3,2,1,4,2,1,1,0.4,2,2.16666666666667,1.9
10515,0,1,1,1,1,3,3,2,1,1.5,3,2,3,1,,2,1,1,1,5,4,3,1,3,,2,4,1,0.8,2.4,1.75,2.22222222222222
10517,1,1,1,1,1,3,3,2,3,3,3,3,3,3,3,3,2,2,1,5,1,1,1,1,2,1,1,1,1,2.66666666666667,3,1.2
10518,1,1,1,1,1,3,3,3,2,1,3,3,3,1,3,1,3,1,1,4,1,3,1,2,2,2,4,2,1,3,1.83333333333333,1.9
10519,1,1,0,0,1,3,2,2,1,1,3,2,3,1,2,1,3,2,2,3,2,2,1,1,2,2,2,3,0.6,2.66666666666667,1.33333333333333,1.9
10520,0,1,1,1,1,3,3,3,1,2,3,3,3,1,3,1,3,1,1,5,5,2,4,3,2,4,3,1,0.8,3,1.83333333333333,2.6
10521,1,0,0,0,1,3,3,3,3,1,3,3,3,1,3,2,2,1,3,2,4,1,2,1,5,1,4,4,0.4,2.83333333333333,2.16666666666667,2.6
10523,0,1,0,1,1,3,3,3,2,3,3,3,3,3,3,3,2,2,2,3,2,2,1,2,2,2,2,3,0.6,2.83333333333333,2.83333333333333,2
10524,1,1,1,1,1,3,3,3,3,3,3,3,3,2,3,3,3,4,3,2,2,4,2,4,3,4,3,4,1,3,2.83333333333333,3.3
10525,1,1,1,1,1,2,3,1,1,3,3,3,3,2,2,3,2,1,1,5,1,2,1,2,1,1,1,1,1,2.16666666666667,2.5,1.2
10526,1,1,0,1,0,2,3,3,2,1,3,3,3,1,2,2,1,1,2,4,2,1,2,1,2,2,1,2,0.6,2.33333333333333,2,1.6
10527,0,1,1,1,0,1,3,1,2,2,2,2,2,3,2,3,1,2,3,4,2,5,1,3,4,1,2,2,0.6,1.5,2.5,2.5
10528,1,1,1,1,1,3,2,3,3,1,3,3,3,2,3,3,3,2,4,5,4,3,2,2,2,1,3,1,1,3,2.33333333333333,2.4
10529,1,1,1,1,1,3,3,3,1,1,3,3,3,1,3,1,3,1,1,5,1,2,1,1,1,1,3,1,1,3,1.66666666666667,1.3
10530,1,1,1,1,1,3,3,3,3,1,3,3,3,1,1,3,3,4,5,5,1,1,1,1,2,1,1,1,1,2.66666666666667,2.33333333333333,1.8
70602,1,1,0,1,0,3,3,3,2,1,1,3,1,1,3,1,2,1,1,4,1,1,1,1,2,2,1,2,0.6,2.16666666666667,1.83333333333333,1.3
70603,1,1,1,1,1,3,3,2,3,1,3,3,3,1,3,2,3,3,2,4,2,3,2,2,2,1,2,2,1,2.83333333333333,2.16666666666667,2.1
70605,1,1,1,1,1,3,3,3,3,3,3,3,3,3,3,3,3,3,3,3,1,1,1,1,1,1,1,3,1,3,3,1.6
70610,1,1,1,0,1,3,3,3,3,3,3,3,3,3,3,3,3,3,5,1,1,1,1,5,1,1,1,5,0.8,3,3,2.4
70611,1,1,0,1,1,2,3,2,3,2,3,3,3,3,3,2,1,4,3,2,3,3,2,1,3,1,3,4,0.8,2.33333333333333,2.66666666666667,2.7
70614,0,1,0,1,0,3,3,3,3,3,3,3,3,3,3,3,3,5,1,5,5,2,1,2,1,1,2,1,0.4,3,3,2.1
70615,0,1,1,1,1,3,3,2,2,1,3,3,3,1,3,2,3,1,1,5,2,1,1,1,2,1,1,1,0.8,2.83333333333333,2,1.2
70618,1,1,1,1,1,2,3,3,1,1,3,2,3,1,3,1,3,1,1,5,1,1,1,1,4,1,1,1,1,2.83333333333333,1.5,1.3
70620,1,1,0,1,0,3,3,2,3,2,3,3,3,2,3,2,3,2,4,4,2,2,1,3,4,1,4,2,0.6,2.83333333333333,2.5,2.5
70621,1,1,1,1,1,3,3,3,2,1,3,3,3,1,3,3,3,1,1,5,2,1,1,1,1,1,1,1,1,3,2.16666666666667,1.1
70622,0,0,0,0,0,2,1,3,2,2,1,1,2,3,1,2,1,2,1,5,1,3,1,2,3,4,1,1,0,1.66666666666667,1.83333333333333,1.9
70623,1,1,1,0,0,2,3,3,3,2,3,3,3,2,3,3,2,2,2,4,4,2,1,2,2,2,2,2,0.6,2.66666666666667,2.66666666666667,2.1
70624,0,0,0,0,1,1,2,3,2,1,2,3,2,1,2,3,1,5,4,3,2,1,2,3,4,3,2,3,0.2,1.83333333333333,2,2.9
70625,0,0,0,0,0,2,3,3,3,3,3,3,3,3,3,3,3,4,2,5,5,2,3,,,5,5,1,0,2.83333333333333,3,3.375
80701,1,0,0,1,1,3,3,2,2,1,3,2,3,1,3,2,3,3,4,2,2,3,4,3,2,3,3,4,0.6,2.83333333333333,1.83333333333333,3.1
80702,1,1,1,1,1,3,3,3,3,3,3,3,3,2,3,2,2,3,2,4,2,2,3,5,3,1,4,2,1,2.83333333333333,2.66666666666667,2.7
80703,1,1,0,1,1,2,3,3,2,2,3,3,3,3,3,3,2,3,2,4,2,3,2,3,2,2,2,2,0.8,2.66666666666667,2.66666666666667,2.3
80704,0,0,1,1,0,2,3,2,3,2,3,2,1,2,1,2,1,2,1,5,2,3,1,2,1,2,1,1,0.4,1.66666666666667,2.33333333333333,1.6
80705,1,1,0,0,0,3,3,2,3,3,3,3,2,3,2,3,1,2,2,2,2,2,3,2,3,1,4,4,0.4,2.16666666666667,3,2.5
80706,1,1,0,1,1,2,3,2,2,2,3,2,2,2,2,2,1,2,3,4,2,2,2,2,1,2,2,2,0.8,2,2.16666666666667,2
80707,1,1,0,0,1,1,3,1,1,3,2,2,2,3,1,3,1,1,2,3,2,1,2,2,2,1,2,3,0.6,1.33333333333333,2.5,1.8
80708,1,1,1,1,1,2,3,3,2,3,3,3,2,3,2,,2,2,2.5,2,1,1,3,2,2,1,1,4,1,2.33333333333333,2.8,1.95
80709,1,1,1,1,1,2,3,2,3,2,3,3,2,3,3,2,2,2,2,3,1,1,2,3,2,2,2,3,1,2.33333333333333,2.66666666666667,2
80710,1,1,0,1,1,1,3,1,2,3,2,3,2,3,3,1,1,2,3,1,1,2,2,5,2,1,1,5,0.8,1.66666666666667,2.5,2.4
80711,1,1,1,1,1,3,2,3,2,3,2,3,3,2,3,3,1,3,2,3,2,5,2,3,3,1,3,3,1,2.5,2.5,2.7
80712,1,1,1,1,1,3,3,3,2,2,3,3,3,1,3,3,3,4,3,4,3,1,3,1,2,4,2,2,1,3,2.33333333333333,2.5
80713,1,1,1,1,1,3,2,2,2,1,3,2,3,1,3,2,2,3,4,2,2,3,3,4,3,2,2,4,1,2.66666666666667,1.66666666666667,3
80714,1,1,1,0,1,3,2,3,2,3,3,2,2,3,3,3,2,3,2,4,4,2,3,4,4,1,2,2,0.8,2.66666666666667,2.5,2.7
80715,1,1,1,1,1,3,1,2,2,1,3,2,3,2,3,1,3,3,3,1,2,2,4,4,2,1,2,5,1,2.83333333333333,1.5,2.8
80716,1,1,1,1,1,2,3,3,2,1,2,2,2,2,3,2,2,2,2,2,2,2,2,2,2,1,2,4,1,2.33333333333333,2,2.1
80717,1,1,0,1,1,2,3,3,3,2,3,3,2,3,3,2,2,1,2,1,2,3,2,5,2,2,2,5,0.8,2.5,2.66666666666667,2.6
80719,0,1,1,1,0,2,3,2,2,1,3,3,3,1,3,1,2,2,2,4,2,1,2,2,2,1,2,2,0.6,2.5,1.83333333333333,1.8
80720,1,1,1,1,1,2,3,2,3,3,3,3,2,3,2,3,2,2,3,5,5,3,2,2,2,1,2,1,1,2.16666666666667,3,2.3
80721,1,1,0,1,1,2,3,3,2,3,3,2,3,3,2,2,2,2,4,3,3,2,3,4,4,3,4,3,0.8,2.5,2.5,3.2
80722,1,1,0,1,0,3,3,3,1,2,3,3,3,3,3,2,2,3,2,4,3,2,2,4,3,3,2,2,0.6,2.83333333333333,2.33333333333333,2.6
80723,1,1,1,1,1,3,3,2,3,2,3,2,3,2,3,2,3,3,3,2,3,3,3,3,3,2,2,4,1,2.83333333333333,2.33333333333333,2.9
70801,1,1,1,1,1,3,3,3,3,3,3,3,3,3,3,3,3,2,2,5,3,2,2,1,1,1,2,1,1,3,3,1.7
70803,0,0,1,0,0,2,3,3,3,1,3,3,3,3,3,3,1,3,5,5,5,5,1,5,5,1,3,1,0.2,2.5,2.66666666666667,3.4
70804,0,0,0,1,0,2,2,1,1,1,3,3,1,3,3,3,3,2,1,5,3,2,4,5,2,1,5,1,0.2,2.16666666666667,2.16666666666667,2.6
70807,0,1,1,1,1,2,2,2,1,1,3,3,1,3,3,3,3,2,1,5,3,2,4,5,2,1,5,1,0.8,2.33333333333333,2.16666666666667,2.6
70808,1,1,1,1,1,3,3,3,3,3,3,3,3,3,3,3,2,5,3,3,2,3,2,3,2,1,4,3,1,2.83333333333333,3,2.8
70810,0,0,0,1,0,2,3,3,2,1,3,3,2,1,3,2,3,2,5,5,1,2,2,2,5,1,3,1,0.2,2.66666666666667,2,2.4
70811,1,1,1,1,1,3,3,3,3,3,3,3,3,3,3,3,3,4,2,4,3,5,3,2,1,1,3,2,1,3,3,2.6
70813,0,0,1,1,0,3,3,3,3,3,3,3,3,3,3,3,3,2,3,3,3,2,1,3,3,4,2,3,0.4,3,3,2.6
70814,1,1,1,1,1,3,2,3,1,2,2,3,2,3,2,1,3,2,1,4,5,5,1,3,5,1,5,2,1,2.5,2,3
70815,1,0,0,0,0,3,3,3,3,3,3,3,3,3,3,3,3,1,1,5,2,2,1,1,1,1,3,1,0.2,3,3,1.4
70816,1,1,0,0,1,3,3,2,3,3,3,1,3,3,3,1,3,5,1,5,4,1,1,1,2,1,1,1,0.6,2.83333333333333,2.33333333333333,1.8
70817,0,1,0,0,0,2,3,1,2,1,3,2,1,1,3,2,2,2,1,5,2,4,1,1,2,1,3,1,0.2,2,1.83333333333333,1.8
70818,0,0,1,0,1,2.5,2.5,2.5,2.5,2,3,3,3,3,3,2,1,1,1,5,1,1,1,1,1,2,1,1,0.4,2.5,2.5,1.1
70819,1,1,0,1,1,1,3,2,2,2,3,3,3,2,3,3,1,3,2,4,2,4,2,4,2,2,2,2,0.8,2.16666666666667,2.5,2.5
70820,1,1,0,1,1,2.5,2,3,2,1,3,3,2,3,3,2,3,3,1,5,1,5,1,3,3,4,2,1,0.8,2.75,2.16666666666667,2.4
40901,0,0,1,1,1,2,3,3,2,1,3,3,3,2,3,3,3,1,1,5,,2,2,1,2,1,2,1,0.6,2.83333333333333,2.33333333333333,1.44444444444444
40902,1,1,0,1,0,2,3,3,2,2,3,3,3,2,2,3,2,2,2,1,1,3,2,5,3,1,4,5,0.6,2.5,2.5,2.8
40903,1,1,0,1,1,2,3,3,2,1,3,2,3,1,3,3,3,4,2,,5,1,2,2,3,1,3,,0.8,2.83333333333333,2,2.55555555555556
40904,1,1,1,1,1,2,3,2,1,2,3,3,3,1,2,3,1,3,3,2,4,3,2,1,2,2,1,4,1,2.16666666666667,2.16666666666667,2.5
40905,1,1,0,1,1,3,3,2,3,1,3,3,3,1,3,2,3,2,2,1,4,3,4,4,2,1,2,5,0.8,2.83333333333333,2.16666666666667,2.9
40906,1,1,1,1,1,3,3,3,3,3,3,3,3,2,3,1,3,2,2,2,2,1,2,5,2,1,2,4,1,3,2.5,2.3
40907,1,0,1,1,1,3,3,2,3,,2,2,3,2,3,3,3,4,3,2,3,4,2,5,3,4,5,4,0.8,2.66666666666667,2.6,3.7
40908,0,0,1,0,1,2,2,1,2,2,1,1,1,2,2,3,1,2,2,5,1,2,1,2,1,1,1,1,0.4,1.33333333333333,2,1.4
40909,1,1,1,1,1,3,3,2,2,1,2,2,3,1,3,2,3,4,2,2,3,2,2,2,2,1,2,4,1,2.66666666666667,1.83333333333333,2.4
40910,0,0,0,1,1,3,3,3,2,3,3,3,3,3,3,3,3,3,2,3,3,3,3,3,4,4,1,3,0.4,3,2.83333333333333,2.9
40911,1,1,1,1,1,3,3,3,2,3,3,3,3,2,3,1,3,4,3,2,4,5,5,5,4,5,2,4,1,3,2.33333333333333,4.1
40912,1,1,0,1,1,3,2,2,1,1,3,3,3,1,3,2,2,2,1,4,2,2,1,3,2,1,2,2,0.8,2.66666666666667,1.66666666666667,1.8
40913,0,0,1,1,1,1,3,2,1,2,,2,2,1,3,1,2,2,2,2,2,3,2,2,3,4,4,4,0.6,2,1.66666666666667,2.8
40914,1,1,1,1,1,2,3,2,1,2,3,3,2,2,3,1,1,3,2,2,4,3,2,3,4,1,2,4,1,2.16666666666667,2,2.8
40915,1,1,1,1,1,3,2,3,1,1,3,2,3,1,3,1,3,4,4,2,3,2,4,4,2,2,4,4,1,3,1.33333333333333,3.3
40916,1,1,1,1,1,1,2,3,1,1,3,3,3,1,3,1,3,2,2,1,4,1,2,2,2,1,2,5,1,2.66666666666667,1.5,2.3
40917,1,1,1,1,1,2,3,2,1,1,3,3,3,1,3,1,2,2,2,4,3,2,2,2,2,1,2,2,1,2.5,1.66666666666667,2
40918,1,1,1,1,1,3,2,3,1,2,3,2,3,2,3,2,3,4,2,2,3,4,2,5,4,4,3,4,1,3,1.83333333333333,3.5
40919,1,1,0,1,1,2,3,3,2,1,2,2,3,1,3,2,3,4,2,3,3,1,1,4,3,1,2,3,0.8,2.66666666666667,1.83333333333333,2.4
40920,0,1,1,0,0,3,3,1,2,3,3,2,3,3,3,3,1,2,2,4,2,1,3,3,3,2,3,2,0.4,2.33333333333333,2.66666666666667,2.3
40921,1,1,0,1,1,3,3,3,3,2,3,3,3,2,3,3,3,5,2,4,4,4,2,1,1,1,1,2,0.8,3,2.66666666666667,2.3
40922,1,1,1,1,1,2,3,1,2,3,2,3,2,3,2,3,2,4,3,2,2,2,2,3,2,2,2,4,1,1.83333333333333,2.83333333333333,2.6
40925,1,1,0,0,0,2,2,2,2,1,1,2,1,1,2,3,2,3,2,2,2,2,2,2,2,1,2,4,0.4,1.66666666666667,1.83333333333333,2.2
40926,1,1,0,1,1,2,3,2,3,3,3,3,3,3,3,3,2,4,2,3,3,2,2,2,3,1,2,3,0.8,2.5,3,2.4
40927,1,1,1,1,1,3,2,3,1,2,3,2,3,1,3,3,2,4,2,1,4,3,2,4,2,3,3,5,1,2.83333333333333,1.83333333333333,3.2
40928,1,1,1,1,1,3,3,3,3,2,3,3,3,2,3,3,3,4,3,5,4,2,2,1,1,1,2,1,1,3,2.66666666666667,2.1
40930,0,0,0,0,0,2,3,2,3,3,2,3,1,3,1,2,2,3,2,5,4,2,5,3,4,2,4,1,0,1.66666666666667,2.83333333333333,3
31001,1,1,1,1,1,2,3,3,2,3,3,3,3,3,3,2,3,2,3,1,2,4,3,1,2,1,2,5,1,2.83333333333333,2.66666666666667,2.5
31002,1,1,1,1,1,3,3,3,3,1,3,3,3,1,3,1,1,2,2,4,2,3,1,3,2,1,1,2,1,2.66666666666667,2,1.9
31003,0,0,1,1,0,2,3,2,3,3,3,3,3,3,2,1,2,4,1,5,1,2,1,1,2,1,2,1,0.4,2.33333333333333,2.66666666666667,1.6
31004,1,1,1,1,1,1,3,2,3,1,3,3,3,1,3,2,1,2,4,5,4,3,3,1,1,2,3,1,1,2.16666666666667,2.16666666666667,2.4
31005,1,0,0,0,0,3,3,2,3,1,2,2,3,3,3,2,3,5,1,5,4,1,1,5,4,2,1,1,0.2,2.66666666666667,2.33333333333333,2.5
31006,1,1,1,1,0,2,3,1,3,1,3,3,3,2,3,2,2,2,3,2,4,1,3,1,3,1,2,4,0.8,2.33333333333333,2.33333333333333,2.4
31007,0,1,1,0,1,1,3,2,3,3,3,3,3,3,3,3,2,1,3,5,5,1,1,1,1,1,4,1,0.6,2.33333333333333,3,1.9
31008,1,1,1,1,1,2,3,2,1,2,3,3,3,2,2,2,2,4,3,4,3,2,2,3,2,5,4,2,1,2.33333333333333,2.16666666666667,3
31009,0,0,0,1,0,1,3,2,1,1,2,2,2,1,3,3,,2,1,4,2,2,1,1,,1,1,2,0.2,2,1.83333333333333,1.44444444444444
31010,1,1,0,1,1,3,3,3,1,1,3,3,3,1,2.5,,3,2,2,1,1,4,1,3,2,5,5,5,0.8,2.91666666666667,1.8,3
31011,1,1,1,1,1,2,3,2,3,1,2,2,2,1,3,2,1,5,1,5,1,2,3,5,1,4,1,1,1,2,2,2.4
31012,0,0,0,0,0,1,3,2,3,2,3,3,2,3,1.5,2,1,2,1,1,5,4,1,1,1,1,4,5,0,1.75,2.66666666666667,2.5
31013,0,1,0,1,1,1,3,2,2,2,3,3,3,2,3,3,2,4,3,4,3,2,3,2,2,2,2,2,0.6,2.33333333333333,2.5,2.5
31014,1,1,1,1,1,2,3,2,3,2,3,3,3,2,2.5,,2,2,3,2,4,3,4,2,2,5,4,4,1,2.41666666666667,2.6,3.3
31015,1,1,1,1,1,1,3,3,3,3,3,3,3,3,3,3,1,2,3,4,2,4,2,2,2,5,2,2,1,2.33333333333333,3,2.6
31016,1,1,1,1,1,2,3,3,2,3,3,3,3,3,3,3,3,3,2,5,3,2,3,2,4,1,2,1,1,2.83333333333333,2.83333333333333,2.3
31017,1,0,1,1,0,3,3,3,3,1,3,3,3,3,3,3,3,2,1,1,1,5,1,1,5,1,1,5,0.6,3,2.66666666666667,2.3
31018,1,1,0,1,1,2,3,,3,2,3,3,3,3,3,2,2,3,3,4,3,4,2,4,2,2,3,2,0.8,2.6,2.66666666666667,2.8
31020,0,0,1,1,1,2,3,2,2,,3,2.5,3,3,3,3,1,5,5,4,5,1,1,1,2,1,3,2,0.6,2.33333333333333,2.7,2.6
31021,1,1,1,1,1,3,3,2,3,3,3,3,3,2,3,3,3,2,4,4,2,2,1,2,,1,2,2,1,2.83333333333333,2.83333333333333,2
31025,1,0,0,1,0,3,2,2.5,3,3,2,3,3,2,3,3,3,4,2,1,5,4,4,2,4,1,3,5,0.4,2.75,2.66666666666667,3.4
71101,0,1,1,1,1,3,3,3,2,1,3,3,3,3,3,1,3,1,2,5,1,1,2,4,1,4,1,1,0.8,3,2.16666666666667,1.8
71102,1,0,1,1,1,3,3,3,2,1,3,3,3,3,2,3,2,2,3,5,1,3,1,1,1,2,2,1,0.8,2.66666666666667,2.5,1.7
71103,0,0,0,0,0,3,3,3,3,3,3,3,3,3,3,3,2,3,3,5,1,4,1,1,1,1,1,1,0,2.83333333333333,3,1.7
71104,1,1,0,1,1,3,3,3,3,3,3,3,3,3,3,3,3,3,2,5,2,2,1,2,2,2,2,1,0.8,3,3,1.9
71105,1,0,0,1,0,3,3,3,3,3,3,3,3,2,3,2,3,2,,5,1,1,1,1,1,2,1,1,0.4,3,2.66666666666667,1.22222222222222
71106,1,1,0,0,1,2,3,1,2,3,2,3,3,2,3,3,1,1,1,5,1,2,1,2,1,1,1,1,0.6,2,2.66666666666667,1.2
71107,1,1,0,0,0,1,3,1,2,2,3,3,3,2,3,1,3,5,3,3,5,3,2,3,,1,2,3,0.4,2.33333333333333,2.16666666666667,3
71108,1,1,1,1,1,3,3,2,1,1,3,3,3,1,1,2,3,1,1,5,1,2,1,1,1,1,1,1,1,2.5,1.83333333333333,1.1
71109,1,1,0,1,0,3,3,3,2,1,3,3,3,3,3,3,3,2,1,5,1,1,1,5,1,1,1,1,0.6,3,2.5,1.5
71110,0,0,0,1,1,2,3,2,,2,1,3,3,2,3,2,3,1,3,5,2,2,1,4,5,1,1,1,0.4,2.33333333333333,2.4,2.1
71111,0,0,0,1,0,2,3,3,2,3,3,3,3,3,2,2,3,2,2,5,5,2,1,3,2,2,2,1,0.2,2.66666666666667,2.66666666666667,2.2
71112,0,0,0,1,0,3,3,3,1,1,3,2,3,2,3,2,3,2,4,5,5,1,1,1,1,1,1,1,0.2,3,1.83333333333333,1.8
71113,1,1,0,1,1,3,3,2,1,3,3,3,3,3,3,3,2,1,1,4,1,2,1,1,1,1,1,2,0.8,2.66666666666667,2.66666666666667,1.2
71114,0,0,1,1,0,3,3,3,2,3,3,3,3,3,3,3,3,5,1,5,5,1,1,1,5,1,1,1,0.4,3,2.83333333333333,2.2
71115,1,1,1,1,1,3,3,3,3,2,3,3,2,3,3,3,3,2,4,1,2,2,1,2,1,1,1,5,1,2.83333333333333,2.83333333333333,2.1
71116,0,0,0,0,0,3,3,3,2,3,3,3,3,1,3,3,3,4,4,5,4,5,3,3,5,3,5,1,0,3,2.5,3.7
71117,1,1,1,1,1,3,3,3,3,1,3,3,3,2,3,2,3,1,2,5,1,2,1,3,1,1,1,1,1,3,2.33333333333333,1.4
71118,1,1,0,0,1,1,3,3,2,3,1,3,3,2,2,3,3,2,2,5,2,1,1,1,1,3,4,1,0.6,2.16666666666667,2.66666666666667,1.8
71119,1,1,1,1,1,3,3,2,1,1,3,3,3,1,2,3,2,5,2,4,1,1,3,1,2,4,5,2,1,2.5,2,2.6
51201,1,1,1,1,1,3,3,2,2,2,3,3,2,2,3,3,2,2,1,3,1,3,2,3,3,2,3,3,1,2.5,2.5,2.3
51202,1,1,1,1,1,3,3,3,2,1,3,3,3,1,3,1,3,2,2,2,3,4,2,4,3,2,4,4,1,3,1.83333333333333,3
51203,0,0,0,1,0,3,3,2,3,1,3,3,3,1,2,1,2,5,5,4,2,5,2,4,2,1,5,2,0.2,2.5,2,3.3
51204,1,1,1,1,1,2,3,3,3,2,3,3,3,3,3,3,2,3,1,5,1,3,1,2,1,1,2,1,1,2.66666666666667,2.83333333333333,1.6
51205,1,0,0,1,1,2,3,2,3,1,3,3,3,2,3,2,3,1,1,5,1,4,1,2,4,1,2,1,0.6,2.66666666666667,2.33333333333333,1.8
51206,1,0,0,0,0,3,3,3,1,1,3,1,1,1,3,1,1,3,5,5,1,5,5,1,1,1,1,1,0.2,2.33333333333333,1.33333333333333,2.4
51207,1,1,1,0,1,3,2,3,3,3,3,2,3,2,3,2,1,3,1,4,1,1,1,5,2,1,1,2,0.8,2.66666666666667,2.33333333333333,1.8
51208,1,1,0,1,1,1,3,2,2,3,2,1,2,3,1,3,2,2,3,4,1,1,2,2,1,2,1,2,0.8,1.66666666666667,2.5,1.7
51209,1,1,1,0,1,2,3,3,2,3,3,3,3,3,3,3,2,3,,2,1,1,1,1,2,1,3,4,0.8,2.66666666666667,2.83333333333333,1.88888888888889
51210,0,0,0,0,0,3,3,2,1,1,3,3,2,1,3,2,1,1,1,5,1,5,1,1,4,1,1,1,0,2.33333333333333,1.83333333333333,1.7
51211,1,1,0,1,1,2,3,2,1,1,3,3,3,1,3,2,3,2,1,1,2,3,1,1,1,1,1,5,0.8,2.66666666666667,1.83333333333333,1.8
51212,1,1,1,1,1,3,3,3,1,1,3,1,3,1,3,1,3,5,3,4,2.5,,2,3,2,3,2,2,1,3,1.33333333333333,2.72222222222222
51213,1,1,1,1,0,3,3,2,3,2,2,3,3,1,3,3,3,2,1,2,2,3,2,4,5,1,3,4,0.8,2.66666666666667,2.5,2.7
51214,1,0,0,0,1,3,3,2,2,1,2,3,2,2,3,3,2,2,1,3,2,2,1,2,2,1,2,3,0.4,2.33333333333333,2.33333333333333,1.8
51215,1,1,0,1,1,2,2.5,,1,3,3,3,2.5,1.5,,,2,2,1,3,2,5,1,4,3,1,2,3,0.8,2.375,2.2,2.4
51217,0,1,0,0,0,2,3,3,3,1,3,3,3,2,3,3,1,1,2,2,1,3,4,5,4,2,2,4,0.2,2.5,2.5,2.8
51218,1,1,1,1,1,2,3,1,3,3,2,3,2,3,2,2,1,2,2,4,2,2,3,1,3,2,5,2,1,1.66666666666667,2.83333333333333,2.4
51220,0,1,0,1,1,,3,2,,3,3,3,2,3,3,2,3,2,2,5,1,1,2,1,1,1,2,1,0.6,2.6,2.8,1.4
51221,1,1,0,1,1,2,3,2,2,2,3,3,3,2,2,2,2,4,2,4,5,5,2,4,2,2,3,2,0.8,2.33333333333333,2.33333333333333,3.1
51222,1,1,1,1,1,2,3,3,3,2,3,3,3,2,3,3,2,2,2,4,2,2,2,2,3,2,2,2,1,2.66666666666667,2.66666666666667,2.1
51224,1,1,0,1,0,2,3,2,3,1,3,3,3,3,3,3,1,1,2,2,2,1,1,1,1,1,2,4,0.6,2.33333333333333,2.66666666666667,1.6
51225,0,0,1,1,1,3,3,3,1,1,3,3,3,1,3,1,3,1,1,3.5,4,1,3,1,1,1,1,2.5,0.6,3,1.66666666666667,1.65
51226,0,0,0,0,0,3,3,2,3,2,3,3,2,3,3,2,2,2,1,4,2,3,1,1,2,2,2,2,0,2.5,2.66666666666667,1.8
51227,1,1,1,1,1,2,3,2,2,3,3,3,3,2,3,2,3,2,1,,2,2,1,2,2,2,2,,1,2.66666666666667,2.5,1.77777777777778
51228,1,1,1,1,1,2,3,3,3,2,3,3,3,2,3,3,3,1,1,5,1,1,1,2,1,1,1,1,1,2.83333333333333,2.66666666666667,1.1
51229,1,1,1,1,1,3,3,2,3,2,3,3,3,2,3,2,3,2,2,4,2,2,2,1,2,1,2,2,1,2.83333333333333,2.5,1.8
51231,1,1,0,1,1,2,2,3,1,1,3,2,3,1,3,2,3,2,1,4,5,4,2,4,3,2,2,2,0.8,2.83333333333333,1.5,2.7
51232,1,0,0,1,0,2,3,2,3,1,3,3,3,3,3,3,1,3,2,4,5,1,1,5,4,1,1,2,0.4,2.33333333333333,2.66666666666667,2.5
51233,1,1,1,1,1,3,3,3,3,1,3,3,3,1,3,2,1,2,1,5,1,1,1,1,1,2,1,1,1,2.66666666666667,2.16666666666667,1.2
11301,0,0,0,1,0,2,1,3,1,1,3,1,3,1,3,2,2,1,2,3,4,3,2,1,2,1,2,3,0.2,2.66666666666667,1.16666666666667,2.1
11302,1,1,1,0,1,2,3,3,3,2,3,3,3,2,3,3,3,2,2,5,4,2,3,1,1,3,2,1,0.8,2.83333333333333,2.66666666666667,2.1
11303,0,0,0,1,0,2,3,3,3,2,3,3,3,2,3,2,3,1,1,5,1,2,1,1,3,1,4,1,0.2,2.83333333333333,2.5,1.6
11304,0,0,0,1,0,2,3,1.5,1,3,3,3,2,3,2,3,2,1,2,5,1,3,1,4,2,1,3,1,0.2,2.08333333333333,2.66666666666667,1.9
11305,1,1,0,1,0,3,3,2,1,1,3,3,3,1,3,2,3,1,1,3,1,1,2,1,2,1,1,3,0.6,2.83333333333333,1.83333333333333,1.4
11307,1,1,1,1,1,1,3,3,2,1,3,3,3,1,3,2,1,1,1,5,4,2,1,3.5,2,1,3,1,1,2.33333333333333,2,1.95
11308,1,1,1,1,1,1,3,3,3,3,1,3,1,3,3,3,1,1,1,1,2,1,2,1,1,1,1,5,1,1.66666666666667,3,1.6
11309,1,1,1,1,1,1,3,2,1,1,3,3,3,1,3,2,1,1,2,3,4,2,2.5,2,2,1,4,3,1,2.16666666666667,1.83333333333333,2.35
11311,1,1,0,1,0,1,1,2,1,3,1,1,1,3,1,1,1,1,1,5,1,1,1,1,5,1,1,1,0.6,1.16666666666667,1.66666666666667,1.4
11312,0,0,0,0,0,3,1,3,2,1,3,3,3,3,3,3,3,4,2,5,3,1,2,1,1,1,1,1,0,3,2.16666666666667,1.7
11313,1,1,1,1,1,2,3,3,3,3,3,3,3,3,3,3,2,2,1,5,2,2,2,3,1,1,2,1,1,2.66666666666667,3,1.7
11314,0,0,0,1,0,3,3,2,3,3,3,3,2,3,3,2,2,3,1,5,5,4,1,5,1,1.5,,1,0.2,2.5,2.83333333333333,2.5
11315,0,0,0,1,0,2,3,1,,3,3,1,,1,,3,3,2,2,5,,4,1.5,5,2,3,3,1,0.2,2.25,2.2,2.61111111111111
11316,1,1,0,1,0,2,3,2,,2,2,3,3,2,2,2,1,3,1,5,2,4,1,1,2,1,2,1,0.6,2,2.4,1.8
11317,0,0,0,0,0,3,2,2,3,3,2,3,2,,3,3,2,1,1,5,1,2,2,1,2,1,1,1,0,2.33333333333333,2.8,1.3
11318,1,1,0,0,0,1,3,3,3,3,3,3,3,3,3,1,3,1,1,5,3,1,1,1,1,5,2,1,0.4,2.66666666666667,2.66666666666667,1.7
11320,0,0,1,1,0,3,3,3,3,3,3,2,3,3,3,2,2,3,2,2,2,2,3,1,1,1,1,4,0.4,2.83333333333333,2.66666666666667,2
11321,1,1,0,1,0,3,3,2,3,1,3,3,3,1,3,1,3,1,2,5,2,2,1.5,1,2,2,2,1,0.6,2.83333333333333,2,1.65
11322,1,1,1,1,1,3,3,3,3,2,3,3,3,2,3,3,3,4,2,3,5,2,1,2,2,3,2,3,1,3,2.66666666666667,2.6
11323,1,1,1,1,0,3,3,3,3,3,3,3,3,3,3,3,3,2,,5,3,3,1,5,5,2,1,1,0.8,3,3,2.55555555555556
11324,1,1,0,1,0,3,3,2,2,1,3,3,3,1,3,2,3,1,3,5,5,2,1,5,4.5,4,5,1,0.6,2.83333333333333,2,3.15
41401,1,1,1,1,1,1,3,2,1,2,3,3,3,2,3,2,3,2,3,3,2,2,3,4,3,2,3,3,1,2.5,2.16666666666667,2.7
41402,1,1,1,1,1,3,3,3,3,3,3,3,2,3,3,3,3,2,3,3,2,3,2,,3,1,1,3,1,2.83333333333333,3,2.22222222222222
41403,1,1,1,1,1,2,3,3,2,3,3,3,2,3,3,2,2,3,2,2,3,4,1,3,4,3,4,4,1,2.5,2.66666666666667,3.1
41404,1,1,0,1,1,3,3,1,2,3,3,3,3,3,3,2,2,2,2,3,1,2,2,1,1,4,2,3,0.8,2.5,2.66666666666667,2
41405,1,1,0,0,1,2,3,3,3,3,3,3,3,3,3,3,1,4,2,3,2,4,2,3,5,1,2,3,0.6,2.5,3,2.8
41406,0,0,0,0,0,2,3,3,3,3,2,3,2,3,3,2,2,2,5,5,2,4,2,4,2,2,2,1,0,2.33333333333333,2.83333333333333,2.6
41407,1,0,1,1,1,2,3,2,1,1,3,3,2,1,2,1,1,2,2,3,1,1,2,4,2,,3,3,0.8,2,1.66666666666667,2.22222222222222
41409,1,1,0,1,0,3,2,2,3,1,3,3,2,1,3,3,2,4,2,2,2,3,3,4,2,1,2,4,0.6,2.5,2.16666666666667,2.7
41410,1,1,1,1,1,2,3,3,2,3,3,3,3,3,3,3,2,2,2,4,2,2,2,1,2,1,2,2,1,2.66666666666667,2.83333333333333,1.8
41411,1,1,1,1,1,2,3,1,1,1,3,2,3,1,3,1,2,3,2,1,4,4,2,3,2,2,2,5,1,2.33333333333333,1.5,2.9
41413,1,1,1,1,1,3,3,3,3,3,3,3,3,3,3,3,3,1,1,2,2,2,1,1,1,1,2,4,1,3,3,1.6
41414,1,1,0,1,0,2,3,2,3,1,2,3,2,1,3,2,1,2,3,4,1,4,2,2,4,1,2,2,0.6,2,2.16666666666667,2.3
41415,1,1,1,1,1,3,3,3,3,1,3,3,3,2,3,3,3,2,2,5,3,3,2,2,3,1,4,1,1,3,2.5,2.3
41416,1,1,0,1,0,3,3,2,3,2,3,3,3,2,3,2,2,3,4,3,4,2,2,3,4,2,2,3,0.6,2.66666666666667,2.5,2.9
41417,1,1,0,1,1,1,3,2,2,1,3,3,3,2,3,2,2,2,2,4,2,3,2,2,2,1,4,2,0.8,2.33333333333333,2.16666666666667,2.2
41419,1,1,1,1,1,1,2,3,1,1,2,2,3,1,3,2,1,3,2,4,2,3,2,4,2,4,2,2,1,2.16666666666667,1.5,2.6
41420,1,1,1,1,1,3,3,3,3,1,3,3,3,1,3,3,3,2,2,5,1,1,2,2,3,1,4,1,1,3,2.33333333333333,1.9
41421,1,1,0,1,1,2,3,2,1,3,3,3,3,3,2,1,2,3,2,4,1,4,2,2,1,4,5,2,0.8,2.33333333333333,2.33333333333333,2.6
41423,1,1,0,1,1,1,3,3,2,3,3,3,3,2.5,3,2,3,2,3,4,1,2,2,3,2,2,3,2,0.8,2.66666666666667,2.58333333333333,2.2
41425,1,0,1,1,1,1,3,2,3,2,3,3,2,2,3,3,1,4,2,4,3,2,2,1,2,2,2,2,0.8,2,2.66666666666667,2.2
41426,1,0,0,0,1,1,1,1,1,2,1,2,1,2,2,1,2,2,1,5,1,2,1,1,2,1,1,1,0.4,1.33333333333333,1.5,1.3
41427,1,1,1,1,1,2,3,2,3,3,3,3,2,3,2,2,2,3,2,2,3,4,1,4,4,1,4,4,1,2.16666666666667,2.83333333333333,3
41428,1,0,1,1,0,2,3,2,2,1,2,3,2,1,2,1,2,2,2,2,2,2,2,4,3,2,2,4,0.6,2,1.83333333333333,2.5
41430,1,1,1,1,1,2,3,3,3,3,2,3,2,3,3,2,1,,2,4,2,,2,2,3,1,1,2,1,2.16666666666667,2.83333333333333,1.875
41431,1,1,1,1,1,2,2,3,2,1,3,2,3,1,3,1,2,3,2,2,3,4,2,4,2,1,3,4,1,2.66666666666667,1.5,2.8
41432,1,1,0,1,1,3,3,3,2,2,3,2,3,2,3,3,2,2,2,5,4,1,2,2,3,2,1,1,0.8,2.83333333333333,2.33333333333333,2
41511,0,0,0,1,1,2,2,1,1,1,3,2,3,1,2,,2,4,2,5,3,4,2,1,2,4,5,1,0.4,2.16666666666667,1.4,2.8
41512,1,1,1,1,1,3,1,3,2,1,3,2,3,1,3,2,3,5,2,5,1,3,1,5,4,5,4,1,1,3,1.5,3.1
41513,1,1,1,1,1,2,3,3,3,2,3,3,3,2,3,1,3,3,2,5,2,2,1,1,2,1,3,1,1,2.83333333333333,2.33333333333333,1.8
41514,1,1,0,1,1,3,3,3,3,3,3,3,3,3,3,3,2,3,2,5,2,1,2,1,2,2,2,1,0.8,2.83333333333333,3,1.8
41515,1,1,1,1,1,3,3,3,2,1,3,3,3,1,3,2,3,2,1,3,1,2,1,2,2,1,3,3,1,3,2,1.8
41516,1,1,1,1,1,3,2,3,2,1,3,2,3,1,3,1,3,2,3,2,2,2,2,2,3,1,2,4,1,3,1.5,2.3
41518,1,1,1,1,1,3,3,3,2,2,3,3,3,1,3,2,3,2,1,4,1,2,1,2,1,2,1,2,1,3,2.16666666666667,1.5
41519,1,1,1,1,1,3,3,3,3,2,3,3,3,3,3,3,3,5,1,5,3,2,,1,2,4,1,1,1,3,2.83333333333333,2.22222222222222
41520,1,1,1,1,1,2,3,3,3,2,3,3,3,2,3,2,3,4,2,5,2,3,1,4,3,2,2,1,1,2.83333333333333,2.5,2.4
41521,1,1,1,1,1,2,1,3,3,1,3,2,3,1,3,1,2,2,2,5,2,2,1,5,2,1,3,1,1,2.66666666666667,1.5,2.1
41522,1,1,0,0,0,3,1,3,1,2,3,2,3,3,3,2,1,4,4,4,4,5,2,5,3.5,3,3,2,0.4,2.66666666666667,1.83333333333333,3.55
41523,1,1,1,1,1,2,2,3,1,1,3,2,3,1,2,2,2,3,2,1,2,3,2,3,2,2,3,5,1,2.5,1.5,2.7
41524,1,1,1,1,1,3,3,2,3,1,3,3,3,1,3,2,3,5,1,5,1,1,1,1,1,2,2,1,1,2.83333333333333,2.16666666666667,1.6
41601,1,1,0,1,1,2,3,3,2,1,3,3,2,1,3,2,2,2,1,5,4,1,1,3,1,2,3,1,0.8,2.5,2,1.9
41603,1,1,1,1,1,2,3,3,3,2,3,3,3,2,3,3,2,2,3,5,2,1,1,1,2,1,2,1,1,2.66666666666667,2.66666666666667,1.6
41604,1,1,1,1,1,2,3,2,2,2,3,3,2,3,3,2,2,2,4,3,1,1,2,3,2,1,2,3,1,2.33333333333333,2.5,2.1
41605,0,1,1,1,1,2,3,3,2,3,3,3,3,2,3,2,2,3,2,5,3,4,1,4,1,4,1,1,0.8,2.66666666666667,2.5,2.4
41608,1,1,1,1,1,2,3,2,1,2,3,3,3,3,3,3,2,3,2,3,5,2,2,2,3,2,3,3,1,2.5,2.5,2.7
41609,1,1,1,1,1,2,3,3,2,1,3,3,3,2,3,2,1,4,2,5,1,3,2,3,1,3,4,1,1,2.5,2.16666666666667,2.4
41610,0,0,0,1,0,3,3,3,3,2,3,3,3,3,3,3,3,4,3,5,4,5,2,5,4,4,4,1,0.2,3,2.83333333333333,3.6
41611,1,1,1,1,1,2,3,3,3,3,3,3,3,3,2,3,2,2,2,2,1,5,2,2,3,1,2,4,1,2.5,3,2.4
41612,1,1,1,1,1,2,3,3,3,3,3,3,3,2,3,3,2,2,2,2,2,3,3,4,4,1,3,4,1,2.66666666666667,2.83333333333333,2.8
41613,1,1,1,1,1,2,2,3,2,2,3,2,3,2,3,3,3,2,2,2,1,1,2,5,2,1,2,4,1,2.83333333333333,2.16666666666667,2.2
41614,1,1,0,1,1,2,3,2,2,1,3,3,2,1,3,2,2,3,2,2,4,1,2,3,1,2,1,4,0.8,2.33333333333333,2,2.3
41615,1,1,1,1,1,2,3,3,1,1,3,3,3,1,3,2,3,2,2,2,5,4,1,5,4,1,4,4,1,2.83333333333333,1.83333333333333,3.2
41616,1,1,1,1,1,3,3,2,2,2,3,2,2,3,2,3,3,4,2,5,5,4,1,5,2,3,5,1,1,2.5,2.5,3.2
41617,1,1,1,1,0,1,3,2,2,3,3,3,3,3,3,3,1,2,2,5,5,4,3,2,5,1,5,1,0.8,2.16666666666667,2.83333333333333,3
41618,0,0,1,1,1,2,3,3,2,1,3,3,3,1,3,3,1,2,2,3,2,2,2,1,2,1,1,3,0.6,2.5,2.16666666666667,1.8
41619,1,1,0,1,1,3,3,3,2,1,3,3,3,1,3,2,3,2,2,1,1,1,1,5,3,1,3,5,0.8,3,2,2.4
41620,0,0,1,1,1,2,3,2,2,3,3,3,3,3,3,3,2,1,1,5,1,1,1,1,1,1,1,1,0.6,2.5,2.83333333333333,1
41621,0,1,0,1,1,2,3,3,2,1,3,2,3,1,3,2,3,2,3,5,2,,2.5,3,2,2,5,1,0.6,2.83333333333333,1.83333333333333,2.5
41622,1,1,0,1,1,3,3,3,3,1,3,3,2,1,3,1,2,1,1,2,4,1,2,3,2,1,2,4,0.8,2.66666666666667,2,2.1
41623,1,1,1,1,1,2,1,3,1,1,3,2,3,1,2,2,3,2,4,5,2,1,2,2,1,2,2,1,1,2.66666666666667,1.33333333333333,1.9
41624,1,1,1,1,1,3,3,3,3,2,3,3,3,2,3,3,3,3,3,2,4,5,3,3,2,4,2,4,1,3,2.66666666666667,3.3
41625,1,1,1,1,1,3,3,3,2,1,3,3,2,1,3,3,2,3,4,5,3,4,1,2,3,1,2,1,1,2.66666666666667,2.16666666666667,2.4
41627,1,1,1,1,1,2,3,3,2,1,3,3,3,1,3,2,2,2,2,2,4,4,3,5,3,3,5,4,1,2.66666666666667,2,3.5
41628,0,0,1,0,1,2,3,3,2,3,3,3,3,3,2,2,2,3,4,1,1,2,5,2,3,,2,5,0.4,2.5,2.66666666666667,3
41629,1,1,0,1,1,2,3,3,1,1,3,3,3,3,3,1,2,3,1,5,2,4,1,1,1,2,2,1,0.8,2.66666666666667,2,1.8
41630,1,1,0,1,1,2,3,1,3,3,2,3,2,3,3,3,2,3,4,2,2,5,2,5,4,1,3,4,0.8,2,3,3.3
71702,1,0,1,1,1,2,3,3,3,2,3,3,3,3,3,3,3,3,2,3,2,1,2,2,2,5,1,3,0.8,2.83333333333333,2.83333333333333,2.3
71704,1,0,1,1,1,3,3,3,2,1,3,3,3,1,1,3,3,1,1,1,1,1,1,1,1,1,1,5,0.8,2.66666666666667,2.16666666666667,1.4
71705,0,0,0,0,0,1,1,1,1,1,1,1,1,1,1,1,1,1,2,3,3,1,3,4,5,4,1,3,0,1,1,2.7
71706,0,0,1,1,0,1,3,3,3,3,3,3,3,3,3,3,1,5,2,5,2,5,1,2,1,2,1,1,0.4,2.33333333333333,3,2.2
71707,1,1,1,1,1,1,3,3,3,2,1,3,3,2,3,3,1,4,3,2,2,1,1,2,1,3,4,4,1,2,2.66666666666667,2.5
71710,1,0,0,0,1,1,3,2,2,1,2,3,1,2,1,2,1,4,3,3,1,3,1,2,3,1,1,3,0.4,1.33333333333333,2.16666666666667,2.2
71711,1,1,0,1,1,2,3,3,1,3,2,3,2,3,3,3,1,1,1,4,1,2,1,5,3,2,3,2,0.8,2.16666666666667,2.66666666666667,2.1
71712,1,1,0,1,0,3,3,2,3,3,3,3,3,3,3,3,2,3,1,5,2,1,1,1,1,1,2,1,0.6,2.66666666666667,3,1.4
71713,0,0,0,0,1,1,2,2,2,1,2,2,2,2,2,2,1,1,1,5,1,1,1,1,1,1,1,1,0.2,1.66666666666667,1.83333333333333,1
71714,0,1,1,1,0,2,3,2,2,1,2,3,2,1,2,3,2,2,1,1,4,1,2,1,1,5,3,5,0.6,2,2.16666666666667,2.5
71716,1,1,1,1,1,2,3,2,3,3,3,3,3,3,3,3,2,4,2,5,2,3,1,3,5,4,1,1,1,2.5,3,2.6
71718,0,0,0,0,1,3,3,3,3,3,3,3,3,3,3,3,1,3,2,2,1,3,2,4,1,1,1,4,0.2,2.66666666666667,3,2.2
71720,0,1,1,1,1,3,3,3,3,2,3,3,3,3,3,3,1,3,2,5,1,3,2,3,1,1,1,1,0.8,2.66666666666667,2.83333333333333,1.8
71721,1,1,1,1,1,2,3,2,1,2,3,3,3,2,3,3,2,3,2,3,2,1,2,1,2,2,1,3,1,2.5,2.33333333333333,1.9
71722,0,1,1,1,0,1,2,1,1,1,2,2,2,1,2,1,1,1,1,5,1,1,1,1,2,1,1,1,0.6,1.5,1.33333333333333,1.1
11801,1,1,1,1,0,2,3,3,1,3,3,3,2,3,3,3,1,4,3,5,3,,1,1,1,3,2,1,0.8,2.33333333333333,2.66666666666667,2.11111111111111
11802,0,0,0,0,0,2,1,3,1,2,1,2,1,3,1,2,2,2,1,3,5,1,1,1,2,1,2,3,0,1.66666666666667,1.83333333333333,1.9
11804,0,0,0,0,0,1,2,1,3,1,3,3,3,3,3,2,2,3,2,5,5,4,3,2,2,1,5,1,0,2.16666666666667,2.33333333333333,2.8
11805,0,0,0,1,0,1,2,1,1,3,2,2,1,3,2,3,1,1,1,5,4,2,1,4,3,1,1,1,0.2,1.33333333333333,2.33333333333333,1.9
11807,1,1,0,1,0,3,2,3,1,1,3,2,3,1,3,3,2,2,3,4,2,2,2,3,3,3,2,2,0.6,2.83333333333333,1.66666666666667,2.4
11808,1,1,1,0,0,3,2,3,2,3,2,3,3,3,2,3,2,3,4,5,1,1,1,2,2,1,2,1,0.6,2.5,2.66666666666667,1.8
11809,0,0,0,1,0,2.5,2,2,1,1.5,,3,3,2.5,3,3,2,4,1,5,3,1,1,1,1,2,1,1,0.2,2.5,2.16666666666667,1.6
11810,0,1,1,0,1,3,3,3,,2,,2,3,1,3,1,3,5,1,5,5,5,5,1,2,2,5,1,0.6,3,1.8,3.2
11811,0,0,1,0,0,2,3,2,3,2,3,3,2,3,3,2,2,3,2,,1,1,1,5,4,1,1,,0.2,2.33333333333333,2.66666666666667,2.11111111111111
11812,1,1,1,1,1,3,3,3,2,2,3,3,3,2,3,3,3,1,2,5,2,3,1,2,3,1,2,1,1,3,2.5,1.8
11813,1,1,1,0,1,3,3,3,2,1,3,2,3,1,3,1,3,5,1,1,4,5,2,1,2,2,5,5,0.8,3,1.66666666666667,3.2
11814,0,1,0,1,1,3,3,3,2,2,3,3,3,3,3,2,1,3,3,4,2,2,2,1,2,2,2,2,0.6,2.66666666666667,2.5,2.1
11815,0,1,0,0,0,2,3,3,3,1,3,3,3,3,3,2,3,2,1,5,3,4,1,1,2,1,2,1,0.2,2.83333333333333,2.5,1.8
11816,0,0,0,0,0,1,3,3,1,1,1,3,2,3,3,1,1,1,1,5,1,1,1,1,1,1,1,1,0,1.83333333333333,2,1
11817,0,0,0,0,0,2,3,3,3,2,3,3,3,3,3,3,3,2,1,4,5,3,1,1,2,1,2,2,0,2.83333333333333,2.83333333333333,2
11818,1,1,1,0,1,2,2,3,1,2,3,2,3,3,3,1,3,4,2,5,3,1,1,1,1,1,1,1,0.8,2.83333333333333,1.83333333333333,1.6
11819,1,1,0,1,1,2,3,2,1,2,3,3,2,3,3,3,2,2,1,5,1,1,1,2,,1,2,1,0.8,2.33333333333333,2.5,1.33333333333333
11821,1,1,0,0,1,2,1,3,2,3,2,3,3,2,3,3,2,4,1,5,5,3,1,4,2,1,2,1,0.6,2.5,2.33333333333333,2.4
11822,0,1,1,0,0,2,3,1.5,3,3,,3,2,2,3,3,2,3,1,5,1,2,1,5,2,4,3,1,0.4,2.1,2.83333333333333,2.3
51901,1,1,0,0,0,2,3,1,2,3,3,3,3,2,3,1,2,2,2,5,1,1,2,1,2,1,1,1,0.4,2.33333333333333,2.33333333333333,1.4
51902,1,0,1,1,0,2,3,2,3,2,3,3,3,2,3,3,2,4,2,5,1,2,3,1,2,4,2,1,0.6,2.5,2.66666666666667,2.2
51903,1,1,1,1,1,2,3,2,1,1,3,3,3,2,3,2,2,1,2,5,1,1,2,1,1,1,1,1,1,2.5,2,1.2
51904,0,1,1,1,0,3,3,3,3,3,3,3,3,3,3,3,3,1,2,5,2,2,2,2,2,1,2,1,0.6,3,3,1.7
51905,1,1,1,0,1,2,3,3,2,3,3,3,3,3,2,3,3,1,2,5,3,1,1,1,4,1,2,1,0.8,2.66666666666667,2.83333333333333,1.7
51906,1,0,1,1,1,3,3,2,2,3,3,3,3,3,3,3,3,5,5,3,4,5,2,1,2,2,3,3,0.8,2.83333333333333,2.83333333333333,3.2
51907,1,1,1,1,1,1,3,2,3,3,3,3,2,3,3,2,1,1,2,5,2,2,2,1,1,1,2,1,1,2,2.83333333333333,1.5
51908,1,1,1,1,1,3,3,3,3,3,3,3,3,3,3,3,3,2,2,2,2,2,2,2,2,2,2,4,1,3,3,2.2
51909,0,1,1,1,0,2,3,2,2,1,3,2,3,1,3,1,3,2,3,2,4,5,2,2,4,5,2,4,0.6,2.66666666666667,1.66666666666667,3.3
51910,1,1,1,1,1,3,3,3,2,2,3,3,3,2,3,3,3,4,2,2,1,3,1,1,3,1,2,4,1,3,2.5,2.2
51911,1,1,1,1,0,2,3,2,3,1,2,3,3,2,1,,2,1,1,4,3,3,1,1,2,2,1,2,0.8,2,2.4,1.7
51912,1,0,1,1,0,3,3,2,1,1,3,3,3,3,3,2,2,5,1,4,3,3,3,1,4,1,4,2,0.6,2.66666666666667,2.16666666666667,2.7
51913,1,1,1,1,1,2,3,1,3,3,3,3,2,3,2,1,2,4,1,5,1,2,1,2,4,1,2,1,1,2,2.66666666666667,1.9
51914,1,0,0,0,0,2,3,2,3,1,1,3,2,3,1,2,1,2,2,5,1,2,3,5,2,1,5,1,0.2,1.5,2.5,2.4
51915,1,1,0,1,0,2,3,1,1,1,3,3,3,3,3,3,1,3,2,1,4,5,4,5,4,1,2,5,0.6,2.16666666666667,2.33333333333333,3.5
51916,1,1,1,0,1,2,3,1,2,1,3,2,2,2,3,2,3,4,2,5,2,3,2,2,2,1,2,1,0.8,2.33333333333333,2,2.1
51918,0,0,1,1,1,3,3,2,3,2,3,3,3,3,3,3,1,2,4,5,2,1,1,3.5,5,,2,1,0.6,2.5,2.83333333333333,2.38888888888889
51919,1,0,0,0,0,2,3,2,3,3,3,3,3,3,3,2,2,4,2,3,2,3,2,1,2,2,2,3,0.2,2.5,2.83333333333333,2.3
51923,1,1,1,1,1,2,3,3,1,1,3,3,3,1,3,2,2,2,2,5,1,2,1,1,1,1,2,1,1,2.66666666666667,1.83333333333333,1.4
51924,1,0,1,1,1,3,3,3,3,3,3,3,3,3,3,3,3,2,2,5,2,2,1,2,2,1,1,1,0.8,3,3,1.6
51925,1,1,1,1,1,3,3,2,1,1,3,3,3,2,3,2,2,4,3,5,2,3,2,1,5,1,5,1,1,2.66666666666667,2,2.7
51926,1,1,1,1,1,3,3,3,3,1,3,3,3,2,3,3,3,2,2,5,1,2,1,1,2,1,2,1,1,3,2.5,1.5
51927,1,1,0,1,1,1,2,2,1,2,3,3,2,3,3,2,1,2,2,5,1,2,1,1,2,1,2,1,0.8,2,2.16666666666667,1.5
51928,0,1,0,1,1,1,3,2,2,3,2,3,2,3,3,3,2,5,3,2,2,5,1,1,5,1,2,4,0.6,2,2.83333333333333,2.9
51929,1,1,1,1,1,3,3,3,3,3,3,3,3,3,3,3,2,2,3,2,2,4,1,4,4,2,3,4,1,2.83333333333333,3,2.9
51930,0,0,0,0,0,2,3,2,3,1,3,3,3,1,3,1,2,2,3,1,1,2,1,2,4,2,2,5,0,2.5,2,2.4
51931,0,0,1,1,0,3,3,3,3,3,3,3,3,3,3,3,3,3,2,,1,5,4,1,1,2,4,,0.4,3,3,2.55555555555556
51932,0,0,1,0,0,2,3,2,2,1,3,3,2,3,3,1,2,2,2,5,1,2,1,2,1,3,2,1,0.2,2.33333333333333,2.16666666666667,1.7
51935,1,1,0,0,1,2,3,3,3,2,3,2,2,1,3,2,1,1,3,,1,5,1,3,2,1,1,,0.6,2.33333333333333,2.16666666666667,2
51936,1,1,1,1,1,3,3,2,3,3,3,3,3,3,3,2,3,1,2,5,4,1,1,1,2,4,1,1,1,2.83333333333333,2.83333333333333,1.8
22001,1,1,1,1,1,2,2,1,2,2,3,1,3,2,3,2,1,2,2,4,2,3,2,1,2,2,2,2,1,2.16666666666667,1.83333333333333,2
22002,1,1,1,1,1,3,2,3,2,1,3,2,3,2,2,3,3,2,2,2,2,2,3,4,2,1,2,4,1,2.83333333333333,2,2.4
22003,1,1,1,1,1,2,3,1,1,3,2,3,2,3,2,3,1,4,4,2,3,2,2,3,3,3,3,4,1,1.66666666666667,2.66666666666667,3.1
22004,1,1,1,1,1,1,3,1,3,2,3,3,3,3,2,1,1,1,3,2,2,1,1,1,1,1,1,4,1,1.83333333333333,2.5,1.6
22005,1,1,1,1,1,3,3,3,3,1,3,3,3,1,2,2,2,2,4,3,3,2,2,3,2,2,2,3,1,2.66666666666667,2.16666666666667,2.5
22006,1,1,1,1,1,3,3,3,2,1,3,2,3,1,3,3,1,1,2,2,1,3,2,4,2,1,2,4,1,2.66666666666667,2,2.2
22007,0,0,0,1,0,1,3,2,3,1,2,3,2,1,3,2,1,2,2,4,2,2.5,4,1,1,1,2,2,0.2,1.83333333333333,2.16666666666667,1.95
22008,1,1,1,1,1,1,3,3,1,1,2,3,2,1,3,3,2,4,3,5,3,4,3,1,3,3,3,1,1,2.16666666666667,2,2.8
22009,1,1,0,0,0,3,3,2,2,1,2,2,1,2,2,2,3,2,2,4,4,3,2,2,2,1,3,2,0.4,2.16666666666667,2,2.3
22010,0,0,0,1,1,2,3,1,3,2,3,3,3,2,3,3,1,2,3,5,4,2,1,1,3,2,4,1,0.4,2.16666666666667,2.66666666666667,2.3
22011,1,1,1,1,1,3,2,3,1,2,3,2,3,1,3,2,2,4,3,4,3,2,3,4,3,2,2,2,1,2.83333333333333,1.66666666666667,2.8
22012,1,1,1,1,1,1,3,1,1,1,3,3,3,1,3,1,1,2,4,2,2,2,2,2,1,1,2,4,1,2,1.66666666666667,2.2
22013,1,1,1,1,0,1,3,1,1,1,1,3,2,1,1,2,1,2,2,5,3,1,1,1,1,1,2,1,0.8,1.16666666666667,1.83333333333333,1.5
22014,1,1,1,1,1,2,3,3,2,1,3,1,3,2,3,2,2,4,2,4,3,3,2,4,4,4,4,2,1,2.66666666666667,1.83333333333333,3.2
22015,1,1,1,1,1,2,3,1,2,3,1,2,1,3,2,2,1,2,2,2,2,3,2,3,2,1,2,4,1,1.33333333333333,2.5,2.3
22016,1,1,0,1,0,2,3,2,2,2,3,3,2,2,3,2,3,4,2,2,4,3,2,2,1,2,2,4,0.6,2.5,2.33333333333333,2.6
22017,0,0,0,0,0,2,3,2,2,1,3,3,3,1,2,2,1,3,4,2,2,2,2,1,2,2,1,4,0,2.16666666666667,2,2.3
22018,1,1,1,1,1,3,2,2,2,2,3,3,3,2,3,2,3,2,1,4,2,1,2,2,1,2,2,2,1,2.83333333333333,2.16666666666667,1.7
22019,1,1,0,1,1,1,3,2,3,1,2,3,2,2,3,3,1,4,4,5,4,2,2,3,2,1,3,1,0.8,1.83333333333333,2.5,2.6
22020,0,0,1,1,1,2,3,1,1,1,2,3,1,3,1,2,1,2,2,4,2,2,1,5,4,1,2,2,0.6,1.33333333333333,2.16666666666667,2.3
22021,1,1,1,1,1,2,3,2,1,2,3,3,3,2,3,2,1,2,2,4,2,1,2,2,3,1,2,2,1,2.33333333333333,2.16666666666667,1.9
22022,1,0,0,0,0,1,2,2,2,2.5,2,2,2,2,2,2,1,2,2,5,2,2,2,1,2,1,2,1,0.2,1.66666666666667,2.08333333333333,1.7
22023,0,0,0,1,0,2,3,2,3,3,2,3,2,3,3,3,2,3,2,4,2,2,2,2,3,1,2,2,0.2,2.16666666666667,3,2.1
22024,1,0,1,1,1,2,3,3,2,1,3,3,2,1,3,2,2,2,2,2,3,2,2,3,2,2,3,4,0.8,2.5,2,2.5
22025,1,1,1,1,1,2,3,2,3,1,3,3,3,1,2,2,2,2,,4,2,2,2,2,2,1,2,2,1,2.33333333333333,2.16666666666667,1.88888888888889
22026,1,1,1,1,1,1,2,3,1,1,3,3,3,2,3,2,2,2,2,4,3,2,2,2,2,2,2,2,1,2.5,1.83333333333333,2.1
22028,1,0,1,1,0,2,3,3,3,2,3,3,3,2,3,1,2,1,1,2,3,1,2,3,1,1,2,4,0.6,2.66666666666667,2.33333333333333,1.9
22030,1,1,1,1,1,2,3,3,3,1,2,3,2,1,3,2,2,1,2,5,3,1,2,3,2,3,2,1,1,2.33333333333333,2.16666666666667,2
22031,0,1,1,1,1,2,3,2,3,3,2,3,2,2,2,3,1,4,3,4,3,1,2,2,2,1,2,2,0.8,1.83333333333333,2.83333333333333,2.2
22032,1,1,1,0,1,1,3,3,2,3,3,2,,1,1,1,2,1,1,1,1,1,1,1,1,1,1,5,0.8,2,2,1.4
72101,1,1,1,1,1,2,3,3,3,2,3,3,3,3,3,3,3,2,3,5,2,2,3,2,1,1,2,1,1,2.83333333333333,2.83333333333333,1.9
72103,1,1,1,0,1,2,3,1,1,2,3,3,2,1,3,2,2,1,1,4,2,3,1,2,2,2,3,2,0.8,2.16666666666667,2,1.9
72104,0,0,0,0,0,3,3,3,3,2,3,3,3,3,3,3,3,2,3,5,5,4,4,4,4,3,3,1,0,3,2.83333333333333,3.3
72105,1,1,1,1,1,1,3,1,3,2,2,3,2,2,3,2,1,1,2,5,1,2,2,1,2,2,2,1,1,1.66666666666667,2.5,1.6
72106,0,1,1,1,1,3,3,3,,,,,,,,,,5,5,5,5,4,5,5,5,4,5,1,0.8,,,4.4
72107,1,1,1,1,1,3,3,3,3,3,3,3,3,3,2,3,2,2,3,5,3,1,1,2,1,1,2,1,1,2.66666666666667,3,1.7
72108,1,0,1,0,0,1,3,2,3,3,3,3,3,2,2,3,1,2,2,5,2,2,1,1,2,1,2,1,0.4,2,2.83333333333333,1.6
72109,1,1,1,1,1,2,3,3,3,3,2,3,2,3,3,2,1,1,1,2,2,1,1,1,1,2,1,4,1,2.16666666666667,2.83333333333333,1.5
72110,1,1,0,1,1,2,3,1,2,1,3,3,3,1,3,3,2,1,1,5,3,2,1,4,1,1,2,1,0.8,2.33333333333333,2.16666666666667,1.7
72111,1,1,1,1,1,3,2.5,3,2.5,3,3,2.5,3,3,3,3,2,4,2,1,3,5,4,5,4,5,4,5,1,2.83333333333333,2.75,4.1
72112,1,1,1,1,1,2,3,,2,3,3,3,3,2,3,2,2,2,1,3,2,2,3,2,2,1,4,3,1,2.6,2.5,2.2
72113,1,1,1,1,1,3,3,3,3,3,3,3,3,3,3,3,3,2,1,4,2,2,3,2,2,1,2,2,1,3,3,1.9
72114,1,1,1,1,1,2,3,2,2,3,3,3,2,3,3,2,2,2,3,4,3,2,2,1,2,1,2,2,1,2.33333333333333,2.66666666666667,2
72115,1,1,0,1,1,2,3,3,3,3,3,3,3,3,3,3,2,4,3,2,4,4,2,2,2,4,1,4,0.8,2.66666666666667,3,3
72116,0,0,0,1,1,3,3,3,3,3,3,2,3,3,3,3,2,4,1,5,1,2,1,1,3,2,4,1,0.4,2.83333333333333,2.83333333333333,2
72117,1,1,1,1,1,3,3,3,3,1,3,3,3,3,3,3,2,1,1,5,2,3,1,1,3,1,3,1,1,2.83333333333333,2.66666666666667,1.7
72118,1,0,1,1,0,2,3,2,3,3,3,3,2.5,3,2,2,3,3,1,5,4,4,1,1.5,2,1,1,1,0.6,2.41666666666667,2.83333333333333,1.95
72119,1,1,1,0,1,1,3,2,3,3,1,1,3,3,3,3,3,2,1,5,5,1,1,3,4,1,3,1,0.8,2.16666666666667,2.66666666666667,2.2
72121,1,1,1,1,1,3,3,3,3,3,3,3,3,3,2,3,2,4,4,3,3,4,3,4,4,2,4,3,1,2.66666666666667,3,3.5
72123,1,1,1,1,1,2,3,3,2,3,3,3,3,2,3,3,3,3,1,2,1,5,1,1,2,1,1,4,1,2.83333333333333,2.66666666666667,2
72124,0,0,0,0,1,2,2,1,3,2,2,1,1,2,3,1,1,3,2,5,2,2,1,1,3,1,1,1,0.2,1.66666666666667,1.83333333333333,1.7
72125,0,1,0,1,1,1,3,1,2,1,2,3,1,1,1,3,1,2,1,5,2,1,2,1,1,2,2,1,0.6,1.16666666666667,2.16666666666667,1.5
62201,1,1,1,1,1,3,3,3,3,3,3,3,3,2,3,3,3,3,2,5,2,1,1,1,3,1,1,1,1,3,2.83333333333333,1.6
62203,1,1,0,1,1,2,3,3,3,1,3,3,3,1,3,3,1,3,2,5,1,2,1,4,3,1,3,1,0.8,2.5,2.33333333333333,2.1
62206,1,1,1,1,1,2,3,3,2,3,3,3,3,2,3,3,2,2,3,1,1,3,2,2,3,2,4,5,1,2.66666666666667,2.66666666666667,2.7
62208,0,0,0,1,0,3,3,3,2,2,3,3,3,2,2,3,2,2,2,5,3,2,2,1,2,1,1,1,0.2,2.66666666666667,2.5,1.7
62210,1,1,0,1,1,3,3,3,3,2,3,3,3,3,3,3,2,3,2,5,2,4,1,2,,1,3,1,0.8,2.83333333333333,2.83333333333333,2.11111111111111
62211,1,1,1,1,1,3,3,2,2,2,3,3,3,2,3,2,2,2,1,2,2,3,1,2,4,1,3,4,1,2.66666666666667,2.33333333333333,2.3
62212,1,0,1,1,1,2.5,3,,,,,3,,,,,2,3,1,5,1,1,1,2,2,1,1,1,0.8,,,1.4
62213,1,1,1,1,1,1,3,2,1,2,2,2,1,2,2,2,2,2,2,4,2,2,2,3,2,1,2,2,1,1.66666666666667,2,2
62214,1,0,0,0,1,2,3,2,3,2,3,3,3,1,3,1,2,1,2,4,2,1,2,1,1,1,1,2,0.4,2.5,2.16666666666667,1.4
62215,1,1,1,1,1,3,3,3,3,3,3,3,3,3,3,3,3,3,1,4,2,2,1,2,4,3,2,2,1,3,3,2.2
62216,1,1,0,1,1,1,3,3,2,3,3,3,2,1,3,3,3,4,1,5,1,1,2,1,1,1,1,1,0.8,2.5,2.5,1.4
62217,1,1,1,1,1,2,3,2,2,3,3,3,3,2,3,2,2,2,2,5,5,2,1,2,1,1,4,1,1,2.5,2.5,2.1
62218,1,1,1,1,1,3,3,2,3,3,3,3,3,2,3,3,3,2,2,4,1,1,2,3,2,2,1,2,1,2.83333333333333,2.83333333333333,1.8
62219,1,1,1,1,1,3,3,3,3,3,3,3,3,1,3,3,3,5,1,5,1,2,1,1,1,5,2,1,1,3,2.66666666666667,2
62220,1,1,1,1,1,1,1,1,1,1,1,1,1,1,1,1,1,1,1,1,1,1,1,1,1,1,1,5,1,1,1,1.4
62221,1,1,1,1,1,3,3,3,2,3,3,3,3,3,3,3,3,2,1,5,5,5,1,1,1,1,1,1,1,3,2.83333333333333,1.9
62222,1,1,0,1,1,2,3,3,1,3,3,3,3,3,3,1,1,3,2,4,1,5,1,4,3,1,3,2,0.8,2.5,2.33333333333333,2.5
62223,0,0,0,1,0,3,3,3,2,3,3,3,3,2,3,3,3,2,1,4,3,2,3,4,2,1,3,2,0.2,3,2.66666666666667,2.3
62224,1,1,1,1,1,3,3,3,3,3,3,3,3,3,3,3,3,5,4,4,1,3,2,4,1,2,4,2,1,3,3,2.8
62225,1,1,1,1,1,2,3,3,3,1,3,3,3,1,3,1,2,2,3,4,2,2,3,2,2,1,2,2,1,2.66666666666667,2,2.1
62226,1,1,1,1,1,3,3,2,3,1,3,3,3,2,3,3,2,3,1,5,2,4,2,3,3,5,2,1,1,2.66666666666667,2.5,2.6
62227,1,1,0,1,1,3,3,2,2,3,3,3,3,2,3,1,2,2,2,3,2,4,2,5,4,3,2,3,0.8,2.66666666666667,2.33333333333333,2.9
62228,0,1,0,1,1,3,3,3,2,3,3,3,3,3,3,3,2,3,2,2,1,2,2,1,5,2,1,4,0.6,2.83333333333333,2.83333333333333,2.3
82301,1,1,0,0,1,2,3,2,3,1,3,3,3,2,2,3,2,3,2,4,2,2,3,3,3,2,4,2,0.6,2.33333333333333,2.5,2.6
82303,1,1,1,1,1,3,3,2,1,1,3,3,3,2,3,1,3,2,2,5,1,1,4,1,1,1,1,1,1,2.83333333333333,1.83333333333333,1.5
82304,1,1,0,1,1,2,3,2,1,1.5,1.5,2.5,1.5,1.5,2,2,2,3.5,1.5,1.5,1.5,1.5,1.5,4,2,1.5,1.5,4.5,0.8,1.83333333333333,1.91666666666667,2.3
82305,1,1,1,1,1,3,3,3,2,3,2,2,3,3,3,3,1,2,3,1,1,5,2,4,5,1,1,5,1,2.5,2.66666666666667,2.9
82306,1,1,0,0,1,2,2,1,2,3,2,2,1,3,2,3,2,2,2,4,2,2,1,4,2,1,1,2,0.6,1.66666666666667,2.5,1.9
82307,1,1,1,1,1,2,3,2,2,3,3,3,2,3,3,3,2,2,3,5,2,4,3,1,2,1,1,1,1,2.33333333333333,2.83333333333333,2
82308,1,1,1,1,1,2,3,2,1,1,2,2,1,3,1,3,1,2,2,4,1,1,2,1,1,1,1,2,1,1.5,2.16666666666667,1.4
82309,1,1,0,1,1,3,3,2,2,1,3,3,3,1,2,3,2,2,2,3,2,1,2,1,2,1,1,3,0.8,2.5,2.16666666666667,1.7
82310,0,1,1,1,1,3,3,3,1,2,3,3,3,1,3,2,3,2,1,2,1,1,2,1,1,1,1,4,0.8,3,2,1.5
82311,1,1,0,1,1,1,3,2,2,1,3,2,2,3,1,3,1,2,2,5,1,1,1,1,2,1,1,1,0.8,1.66666666666667,2.33333333333333,1.3
82312,1,1,1,1,1,3,3,2,3,1,3,3,2,1,2,3,2,4,3,1,1,3,3,3,2,2,3,5,1,2.33333333333333,2.33333333333333,2.9
82313,1,0,0,0,0,2,3,1,2,2,2,2,1,3,2,3,2,3,2,5,3,2,2,2,3,1,3,1,0.2,1.66666666666667,2.5,2.2
82314,1,0,0,0,1,3,2,1,2,1,2,2,2,1,2,2,3,4,3,4,3,2,2,1,3,1,3,2,0.4,2.16666666666667,1.66666666666667,2.4
82315,1,1,1,1,1,3,3,2,3,1,2,2,2,3,3,3,2,3,3,2,2,3,4,3,2,1,3,4,1,2.33333333333333,2.5,2.8
82316,1,1,1,1,1,2,3,2,2,2,3,2,1,2,2,2,1,2,2,2,2,2,2,3,2,2,2,4,1,1.83333333333333,2.16666666666667,2.3
82317,1,1,1,1,1,1,3,2,3,2,3,2,1,2,3,3,1,4,5,5,3,2,3,1,2,3,4,1,1,1.83333333333333,2.5,2.8
82318,1,1,1,0,0,2,3,1,3,3,3,3,1,3,3,2,1,3,2,4,2,3,2,2,1,1,3,2,0.6,1.83333333333333,2.83333333333333,2.1
82320,1,1,1,1,0,3,2,2,2,3,2,3,3,2,2,2,3,2,3,2,2,2,2,1,2,1,2,4,0.8,2.5,2.33333333333333,2.1
82321,1,1,1,0,1,2,3,3,2,2,3,3,2,3,3,3,1,5,3,4,2,3,2,3,2,1,2,2,0.8,2.33333333333333,2.66666666666667,2.5
82322,1,1,0,1,0,2,3,1,2,3,3,3,3,2,3,3,1,2,1,5,1,1,2,1,2,1,1,1,0.6,2.16666666666667,2.66666666666667,1.3
82323,1,1,0,1,0,2,3,1,2,1,2,2,1,2,3,2,1,3,2,3,2,1,4,2,2,1,4,3,0.6,1.66666666666667,2,2.4
82324,1,1,0,1,1,2,3,2,3,1,3,3,2,2,2,3,2,2,4,2,3,2,3,5,2,1,3,4,0.8,2.16666666666667,2.5,2.9
82325,1,1,0,0,0,2,3,2,1,3,3,3,3,2,3,2,1,1,3,4,2,1,2,1,1,1,3,2,0.4,2.33333333333333,2.33333333333333,1.7
82401,1,1,0,0,1,2,3,1,1,2,3,3,3,2,3,2,2,3,2,4,3,2,3,2,3,2,3,2,0.6,2.33333333333333,2.16666666666667,2.5
82402,0,1,0,1,1,3,3,3,3,2,3,3,2,2,3,2,3,2,2,3,2,2,2,5,2,1,1,3,0.6,2.83333333333333,2.5,2.2
82403,0,1,1,0,1,2,3,2,3,1,2,1,1,2,1,1,1,3,3,2,2,1,2,2,1,2,2,4,0.6,1.5,1.83333333333333,2.2
82404,1,1,1,1,1,3,3,1,2,1,3,3,3,1,3,1,3,4,3,4,2,2,3,2,3,3,2,2,1,2.66666666666667,1.83333333333333,2.6
82405,1,1,1,1,1,2,3,1,2,2,3,3,2,2,3,3,2,5,5,3,2,3,3,5,4,2,4,3,1,2.16666666666667,2.5,3.6
82406,0,0,0,0,1,3,3,3,3,3,2,3,3,3,3,3,3,5,3,5,2,4,2,4,5,5,4,1,0.2,2.83333333333333,3,3.5
82407,1,1,1,0,0,1,1,1,1,1,1,1,3,1,3,1,1,2,2,2,2,2,2,2,1,1,1,4,0.6,1.66666666666667,1,1.9
82408,1,1,1,1,1,3,3,2,3,2,3,3,2,2,2,3,2,3,2,3,4,5,2,5,4,3,2,3,1,2.33333333333333,2.66666666666667,3.3
82409,0,1,1,1,1,3,3,3,2,1,3,3,3,1,3,2,3,3,4,3,4,3,4,4,4,2,3,3,0.8,3,2,3.4
82410,1,0,1,0,0,3,3,3,2,1,3,3,3,1,3,1,3,2,2,5,2,2,2,1,2,2,2,1,0.4,3,1.83333333333333,1.8
82411,1,1,1,0,1,3,3,2,3,1,3,2,2,2,3,1,3,3,2,2,2,2,4,5,2,4,2,4,0.8,2.66666666666667,2,3
82412,1,1,0,1,1,3,3,3,3,1,3,3,3,1,2,3,3,4,3,1,2,2,2,5,3,2,2,5,0.8,2.83333333333333,2.33333333333333,3
82413,1,1,1,1,1,3,3,3,2,1,3,3,3,2,3,1,3,3,3,2,2,2,3,4,2,4,2,4,1,3,2,2.9
82414,1,1,1,1,1,1,2,2,2,1,2,2,3,2,1,2,2,4,4,,3,2,3,3,4,3,2,,1,1.83333333333333,1.83333333333333,3.11111111111111
82416,1,1,1,1,1,3,2,2,1,1,3,2,3,1,2,2,3,3,3,3,2,2,4,3,2,1,2,3,1,2.66666666666667,1.5,2.5
82415,1,1,0,0,0,2,2,1,1,1,2,1,1,2,1,2,1,2,2,3,2,1,4,2,1,1,1,3,0.4,1.33333333333333,1.5,1.9
82417,0,0,0,1,1,3,1,2,1,1,2,2,2,1,3,1,3,2,2,1,3,4,2,5,3,2,2,5,0.4,2.5,1.16666666666667,3
82419,1,1,0,1,1,3,3,2,3,1,2,3,2,3,1,2,1,2,1,5,3,1,1,2,1,2,1,1,0.8,1.83333333333333,2.5,1.5
82420,1,1,1,1,1,2,3,2,3,3,3,3,3,2,3,3,2,2,2,5,1,2,1,5,2,1,1,1,1,2.5,2.83333333333333,1.8
82421,1,1,1,1,1,3,2,1,1,1,3,2,3,1,3,1,3,2,2,2,2,2,4,4,3,,2,4,1,2.66666666666667,1.33333333333333,2.77777777777778
82422,1,1,1,1,1,3,3,3,3,2,3,3,3,2,3,1,3,3,4,4,4,2,4,5,2,2,4,2,1,3,2.33333333333333,3.2
42511,1,1,0,1,1,2,3,3,3,2,3,3,3,2,2,2,2,2,2,5,2,2,2,2,3,1,3,1,0.8,2.5,2.5,2
42512,1,1,1,1,1,2,3,2,3,2,3,2,1,2,1,2,2,3,2,2,2,2,2,2,2,2,2,4,1,1.83333333333333,2.33333333333333,2.3
42513,0,0,0,1,0,3,2,3,2,1,2,2,2,1,3,2,2,1,2,3,3,2,2,3,2,1,4,3,0.2,2.5,1.66666666666667,2.3
42514,0,1,1,1,1,2,3,2,2,1,3,3,2,1,1,2,3,3,4,5,2,2,1,3,2,2,4,1,0.8,2.16666666666667,2,2.4
42515,1,0,1,0,1,2,3,2,2,1,3,3,3,1,3,1,3,4,2,5,1,3,1,3,2,3,1,1,0.6,2.66666666666667,1.83333333333333,2.1
42516,1,1,0,1,1,3,3,3,3,2,2,3,3,1,3,3,3,3,1,2,1,5,2,4,2,3,3,4,0.8,2.83333333333333,2.5,2.8
42517,1,1,0,1,0,3,3,3,2,3,3,3,2,2,3,3,2,1,2,3,3,3,3,4,2,1,3,3,0.6,2.66666666666667,2.66666666666667,2.5
42518,0,0,0,1,0,3,3,3,3,3,3,3,3,3,3,3,3,3,2,5,1,3,1,1,3,4,1,1,0.2,3,3,2
42519,1,1,1,1,1,2,3,2,2,2,3,3,3,3,2,3,3,2,1,3,1,1,1,1,1,2,1,3,1,2.5,2.66666666666667,1.4
42520,1,1,0,1,1,2,3,2,3,3,3,3,3,3,3,3,3,3,3,5,2,3,2,1,4,2,4,1,0.8,2.66666666666667,3,2.5
42521,1,1,1,0,1,2,3,2,3,2,3,2,3,2,3,2,2,2,2,2,2,3,2,2,2,2,2,4,0.8,2.5,2.33333333333333,2.3
42522,1,1,0,1,1,2,3,3,2,3,3,2,3,3,3,2,1,3,2,5,2,4,2,2,3,2,5,1,0.8,2.5,2.5,2.6
42523,1,1,1,0,1,2,3,2,2,3,3,3,3,3,3,2,2,2,3,5,1,2,2,3,1,2,2,1,0.8,2.5,2.66666666666667,1.9
42524,0,0,0,1,0,2,3,3,3,2,3,3,3,3,3,3,1,2,2,5,5,5,,1,1,2,5,1,0.2,2.5,2.83333333333333,2.66666666666667
72601,0,1,1,1,1,3,2,3,2,1,3,2,3,3,2,1,2,1,3,4,2,2,1,2,3,1,2,2,0.8,2.66666666666667,1.83333333333333,1.9
72602,1,1,0,1,1,2,3,2,1,2,3,3,2,2,3,2,1,1,1,2,2,1,1,1,2,1,2,4,0.8,2.16666666666667,2.16666666666667,1.6
72604,1,1,1,1,1,3,3,3,1,1,3,3,3,2,3,2,3,3,5,5,4,3,3,2,4,2,4,1,1,3,2,3.1
72605,1,0,0,1,0,2,2,2,1,3,3,2,2,2,3,3,2,1,3,5,2,1,2,1,2,1,1,1,0.4,2.33333333333333,2.16666666666667,1.5
72607,1,1,0,1,1,3,3,3,3,3,3,3,3,3,3,3,3,4,4,5,4,5,3,2,3,2,3,1,0.8,3,3,3.1
72608,1,0,0,1,1,3,3,3,3,1,3,3,3,1,3,2,2,4,4,2,4,2,4,2,3,1,2,4,0.6,2.83333333333333,2.16666666666667,3
72609,1,1,0,0,0,3,3,3,1,3,3,3,3,3,3,3,2,2,1,1,1,1,1,4,4,4,1,5,0.4,2.83333333333333,2.66666666666667,2.4
72610,1,0,1,1,0,3,3,3,3,3,3,3,3,3,3,3,3,4,4,5,5,2,1,5,2,3,4,1,0.6,3,3,3.1
72611,1,1,0,0,0,2,3,2,2,2,3,3,3,1,3,1,3,1,1,5,5,4,4,4,4,4,1,1,0.4,2.66666666666667,2,2.9
72612,1,1,1,1,1,2,3,2,3,2,3,3,3,3,2,2,2,3,2,2,1,1,1,5,,1,2,4,1,2.33333333333333,2.66666666666667,2.22222222222222
72613,1,1,1,1,1,3,2,3,1,3,3,3,3,2,3,3,2,3,5,5,3,4,4,5,1,3,4,1,1,2.83333333333333,2.33333333333333,3.3
72614,0,1,1,1,1,1,3,2,1,2,3,3,2,1,3,1,1,1,1,5,1,2,1,1,2,1,1,1,0.8,2,1.83333333333333,1.2
72615,1,1,0,1,1,2,3,3,1,1,3,3,3,1,3,2,2,3,2,5,2,4,2,3,4,1,2,1,0.8,2.66666666666667,1.83333333333333,2.4
72616,1,1,1,1,0,2,3,3,1,1,3,3,3,1,3,2,1,3,2,1,2,2,2,4,2,1,2,5,0.8,2.5,1.83333333333333,2.5
72617,0,1,0,1,0,3,2,3,1,3,3,2,3,3,3,3,3,3,5,5,3,4,4,2,4,3,4,1,0.4,3,2.33333333333333,3.3
72618,0,0,1,1,0,2,3,3,3,2,3,3,3,2,3,3,2,3,2,4,3,2,3,2,4,2,2,2,0.4,2.66666666666667,2.66666666666667,2.5
72619,1,1,1,0,0,3,3,3,3,3,3,3,3,3,3,3,3,2,3,4,4,4,3,3,3,2,4,2,0.6,3,3,3
72620,0,1,0,1,0,3,2,3,1,3,3,2,3,3,3,3,3,3,5,5,3,4,1,2,3,3,2,1,0.4,3,2.33333333333333,2.7
72622,0,0,0,1,0,3,3,3,2,1,3,3,3,1,3,2.5,,2,3,3,5,3,3,3,3,1,2,3,0.2,3,2.08333333333333,2.8
72623,1,1,1,1,0,2,3,2,1,1,3,3,3,1,3,2,3,3,5,5,4,3,2,2,4,1,2,1,0.8,2.66666666666667,1.83333333333333,2.7
72624,1,1,0,1,1,3,3,3,3,1,3,3,3,2,3,3,3,1,3,4,4,2,2,1,3,1,2,2,0.8,3,2.5,2.1
72625,1,1,1,1,1,1,3,3,1,3,3,3,3,1,3,1,1,1,1,4,2,2,1,1,2,1,3,2,1,2.33333333333333,2,1.6
62701,1,1,0,1,1,2,3,1,2,1,3,2,3,1,2,1,2,1,1,4,2,2,2,1,2,1,1,2,0.8,2.16666666666667,1.66666666666667,1.5
62702,1,1,0,0,1,2,3,2,2,3,1,2,1,2,3,2,3,4,1,5,1,2,1,3,2,2,1,1,0.6,2,2.33333333333333,1.8
62703,1,1,1,0,1,3,3,3,3,1,3,3,3,3,3,3,2,1,1,5,2,3,1,1,1,1,1,1,0.8,2.83333333333333,2.66666666666667,1.3
62704,1,0,1,0,0,2,3,3,3,3,3,3,3,3,3,2,1,1,1,5,4,1,1,5,5,1,2,1,0.4,2.5,2.83333333333333,2.2
62705,1,1,1,0,0,3,3,3,3,3,3,3,3,3,3,3,3,3,1,5,1,3,1,1,1,1,1,1,0.6,3,3,1.4
62706,0,1,1,1,1,3,3,2,2,3,3,3,2,3,2,2,3,2,1,5,2,5,1,2,1,1,3,1,0.8,2.5,2.66666666666667,1.9
62707,1,1,1,0,0,3,3,3,3,1,3,3,3,3,3,3,2,1,1,5,2,3,1,1,2,1,2,1,0.6,2.83333333333333,2.66666666666667,1.5
62710,1,1,0,0,0,2,3,2,3,3,3,3,3,3,2,3,1,1,1,5,1,4,1,1,1,2,3,1,0.4,2.16666666666667,3,1.6
62711,1,1,0,0,1,1,3,1,2,3,3,3,3,3,2,3,1,2,1,5,1,2,1,2,2,1,1,1,0.6,1.83333333333333,2.83333333333333,1.4
62713,1,1,0,1,1,3,3,2,2,2,3,3,3,2,3,3,3,3,2,5,1,3,1,1,1,2,2,1,0.8,2.83333333333333,2.5,1.7
62714,1,1,0,0,1,3,3,2,3,1,3,3,3,3,3,3,2,1,1,5,1,1,1,1,1,2,1,1,0.6,2.66666666666667,2.66666666666667,1.1
62715,1,1,0,1,1,2,3,1,2,1,3,2,3,1,2,2,2,1,1,4,2,2,1,1,2,1,2,2,0.8,2.16666666666667,1.83333333333333,1.5
62716,0,0,1,0,0,2,3,1,3,2,3,3,3,3,2,3,1,1,1,5,1,1,1,1,2,1,1,1,0.2,2,2.83333333333333,1.1
62718,1,1,1,1,1,2,3,1,3,2,2,2,3,2,3,2,1,1,1,4,1,5,1,1,1,3,2,2,1,2,2.33333333333333,1.8
62719,0,0,1,0,0,2,3,1,3,2,3,3,3,3,2,3,2,1,1,5,1,1,1,1,1,1,1,1,0.2,2.16666666666667,2.83333333333333,1
62720,1,1,1,0,0,2,3,2,3,3,3,3,3,3,3,3,1,1,1,5,1,1,1,1,2,1,1,1,0.6,2.33333333333333,3,1.1
62721,1,1,0,0,0,3,3,3,3,3,3,3,3,3,3,3,3,3,1,5,1,3,1,1,1,1,1,1,0.4,3,3,1.4
72801,0,,0,1,1,2,2,3,3,2,3,2,3,2,3,3,1,5,1,4,2,2,2,2,2,2,3,2,0.5,2.5,2.33333333333333,2.3
72802,1,1,0,1,1,3,3,3,3,2,3,3,3,2,3,3,2,3,2,5,1,2,2,2,1,1,1,1,0.8,2.83333333333333,2.66666666666667,1.6
72803,1,1,0,1,1,1,3,2,3,1,3,3,1,1,3,2,1,2,3,2,4,2,4,2,2,4,2,4,0.8,1.83333333333333,2.16666666666667,2.9
72805,1,1,1,1,1,2,3,3,3,2,3,3,3,2,3,3,3,3,4,5,2,2,3,1,2,1,1,1,1,2.83333333333333,2.66666666666667,2
72806,0,1,0,1,0,2,3,2,2,1,3,2,3,1,3,2,1,2,1,5,4,3,2,1,2,1,1,1,0.4,2.33333333333333,1.83333333333333,1.8
72807,1,1,1,0,1,3,3,2,2,1,3,3,3,2,2,2,3,4,3,2,3,4,4,3,2,3,2,4,0.8,2.66666666666667,2.16666666666667,3.2
72808,1,1,1,1,1,3,3,3,2,3,2,2,2,2,2,2,2,2,3,3,3,2,2,2,2,2,2,3,1,2.33333333333333,2.33333333333333,2.3
72809,0,1,1,0,0,3,2,3,2,2,3,3,2,3,3,3,1,3,2,5,3,4,3,1,3,4,2,1,0.4,2.5,2.5,2.6
72811,1,1,0,1,0,3,3,3,3,1,3,3,3,1,3,2,3,1,2,1,3,1,2,4,3,1,4,5,0.6,3,2.16666666666667,2.6
72812,0,1,1,0,1,2,3,2,3,3,2,3,2,3,3,2,3,4,1,4,3,4,2,1,2,1,2,2,0.6,2.33333333333333,2.83333333333333,2.2
72813,1,0,0,1,1,3,3,2,2,2,1,3,1,2,3,2,1,2,3,5,3,2,3,2,2,3,2,1,0.6,1.83333333333333,2.33333333333333,2.3
72814,1,1,1,1,1,1,3,1,3,2,3,3,3,2,3,2,1,2,1,2,4,2,3,4,4,2,4,4,1,2,2.5,3
72815,0,0,0,0,0,3,3,3,2,1,1,3,1,1,2,3,1,1,2,5,1,4,1,1,3,2,1,1,0,1.83333333333333,2.16666666666667,1.7
72816,1,1,1,1,1,1,3,2,3,1,3,3,3,2,3,3,1,4,3,2,3,4,3,5,5,3,4,4,1,2.16666666666667,2.5,3.8
72817,1,1,0,1,1,3,2,2,3,1,3,2,1,2,3,2,1,2,2,4,2,2,2,2,2,2,2,2,0.8,2.16666666666667,2,2
72818,1,1,1,1,0,2,3,3,3,2,2,2,3,3,3,3,2,4,2,5,2,2,2,2,2,4,3,1,0.8,2.5,2.66666666666667,2.4
72819,1,1,1,1,1,3,3,3,3,2,3,3,3,2,3,3,2,3,2,5,3,2,3,3,2,2,2,1,1,2.83333333333333,2.66666666666667,2.3
72821,0,0,1,0,0,2,1,2,2,2,1,1,1,1,2,2,1,1,2,5,3,4,1,1,2,3,3,1,0.2,1.5,1.5,2.1
72822,1,1,1,1,1,2,3,2,3,1,3,2,3,1,3,2,1,2,1,5,4,3,2,1,2,1,1,1,1,2.33333333333333,2,1.8
72824,1,1,1,1,1,2,3,3,2,3,3,3,3,3,3,2,2,4,2,3,4,2,1,2,1,2,3,3,1,2.66666666666667,2.66666666666667,2.4
72825,0,1,0,0,0,2,3,2,3,2,2,3,2,3,2,3,1,2,2,3,3,2,2,2,2,1,2,3,0.2,1.83333333333333,2.83333333333333,2.1
62901,1,1,1,1,1,3,3,3,2,1,3,3,3,1,3,2,3,,,,,,,,,,,,1,3,2,
62902,0,1,1,1,0,2,3,3,2,1,3,3,3,1,2,3,3,,,,,,,,,,,,0.6,2.66666666666667,2.16666666666667,
62903,0,1,0,1,1,3,3,2,3,3,3,3,3,3,3,2,2,,,,,,,,,,,,0.6,2.66666666666667,2.83333333333333,
62904,1,1,1,1,1,3,3,3,2,3,3,3,3,3,3,3,3,,,,,,,,,,,,1,3,2.83333333333333,
62906,0,0,0,1,1,2,3,2,2,3,3,3,3,3,2.5,,2,,,,,,,,,,,,0.4,2.41666666666667,2.8,
62909,1,1,0,1,1,2,3,3,1,1,3,3,3,1,3,2,2,,,,,,,,,,,,0.8,2.66666666666667,1.83333333333333,
62911,1,1,1,1,1,1,3,2,1,3,3,3,3,3,3,3,1,,,,,,,,,,,,1,2.16666666666667,2.66666666666667,
62912,1,1,1,1,1,3,3,2,2,1,3,3,3,1,3,2,3,,,,,,,,,,,,1,2.83333333333333,2,
62913,1,1,1,1,1,3,3,3,3,2,3,3,3,2,3,3,3,,,,,,,,,,,,1,3,2.66666666666667,
62914,1,1,0,1,1,2,3,2,3,3,3,3,3,3,2,2,2,,,,,,,,,,,,0.8,2.33333333333333,2.83333333333333,
62917,0,0,1,1,1,2,3,3,2,1,2,2,2,2,2,1,2,,,,,,,,,,,,0.6,2.16666666666667,1.83333333333333,
62918,0,1,1,1,1,3,2.5,2,2,2,3,2,2,2,3,2,3,,,,,,,,,,,,0.8,2.66666666666667,2.08333333333333,
62919,1,1,1,1,1,2,3,3,2,1,3,2,3,1,3,2,3,,,,,,,,,,,,1,2.83333333333333,1.83333333333333,
62920,1,1,1,1,1,3,3,2,3,3,3,3,3,3,3,3,3,,,,,,,,,,,,1,2.83333333333333,3,
62921,1,1,1,1,1,2,3,3,2,3,3,3,3,2,3,3,2,,,,,,,,,,,,1,2.66666666666667,2.66666666666667,
62922,1,0,1,1,1,2,3,2,3,3,2,3,2,3,3,3,3,,,,,,,,,,,,0.8,2.33333333333333,3,
62924,1,1,1,1,1,2,3,3,2,3,2,3,3,3,3,3,3,,,,,,,,,,,,1,2.66666666666667,2.83333333333333,
62925,1,1,1,1,1,2,3,3,1,2,3,3,3,2,3,2,2,,,,,,,,,,,,1,2.66666666666667,2.16666666666667,
62926,0,1,0,1,1,3,3,2,2,3,3,3,3,,3,3,3,,,,,,,,,,,,0.6,2.83333333333333,2.8,
62927,1,1,1,1,1,1,3,2,2,2,3,3,3,3,3,2,2,,,,,,,,,,,,1,2.33333333333333,2.5,
62928,1,1,1,1,1,1,3,2,2,2,3,3,2,2,3,2,3,,,,,,,,,,,,1,2.33333333333333,2.33333333333333,
62929,1,0,1,0,1,1,3,3,2,1,3,3,1,3,2,3,,,,,,,,,,,,,0.6,2,2.5,
62930,1,0,0,1,1,1,3,3,1,1,3,3,3,1,3,3,1,,,,,,,,,,,,0.6,2.33333333333333,2,
63001,1,1,1,1,1,2,3,1,2,1,3,3,3,1,3,2,1,,,,,,,,,,,,1,2.16666666666667,2,
63002,0,0,1,1,1,2,3,3,3,3,3,3,3,3,3,2,2,,,,,,,,,,,,0.6,2.66666666666667,2.83333333333333,
63003,0,0,0,1,1,3,2,3,2,3,2,2,1,3,1,3,2,,,,,,,,,,,,0.4,2,2.5,
63011,0,0,1,1,0,2,3,2,2,3,3,3,2,3,3,3,3,,,,,,,,,,,,0.4,2.5,2.83333333333333,
63005,0,1,1,0,0,3,3,1,1,3,2,3,2,1,1,2,1,,,,,,,,,,,,0.4,1.66666666666667,2.16666666666667,
63006,1,1,0,0,0,3,3,3,3,3,3,3,3,3,3,3,3,,,,,,,,,,,,0.4,3,3,
63007,0,0,0,0,0,1,1,2,1,1,1,2,1,2,3,1,2,,,,,,,,,,,,0,1.66666666666667,1.33333333333333,
63008,1,1,1,1,1,2,3,2,2,2,3,3,3,2,3,2,2,,,,,,,,,,,,1,2.5,2.33333333333333,
63009,1,1,1,1,1,2,3,3,3,2,3,3,3,2,3,3,2,,,,,,,,,,,,1,2.66666666666667,2.66666666666667,
63010,1,1,1,1,1,3,3,3,3,2,3,3,3,2,3,2,3,,,,,,,,,,,,1,3,2.5,
63012,1,1,1,1,1,3,3,3,3,1,3,3,3,1,3,2,3,,,,,,,,,,,,1,3,2.16666666666667,
63013,0,0,0,1,0,2,3,2,2,2,3,3,3,2,3,2,1,,,,,,,,,,,,0.2,2.33333333333333,2.33333333333333,
63014,0,1,1,1,0,2,3,3,2,3,3,3,2,3,2,2,1,,,,,,,,,,,,0.6,2.16666666666667,2.66666666666667,
63015,0,0,0,1,0,3,3,2,3,1,3,3,3,3,3,2,3,,,,,,,,,,,,0.2,2.83333333333333,2.5,
63017,0,0,0,1,0,2,3,2,1,2,3,3,2,3,3,3,2,,,,,,,,,,,,0.2,2.33333333333333,2.5,
63018,1,1,1,1,1,3,3,3,3,2,3,3,3,2,3,2,3,,,,,,,,,,,,1,3,2.5,
63019,1,1,1,1,1,3,3,3,3,2,3,3,3,2,3,3,2,,,,,,,,,,,,1,2.83333333333333,2.66666666666667,
63020,1,1,1,1,1,2,3,3,3,2,3,3,3,2,3,2,2,,,,,,,,,,,,1,2.66666666666667,2.5,
63021,0,0,1,0,0,3,3,3,3,1,3,3,3,1,1,1,3,,,,,,,,,,,,0.2,2.66666666666667,2,
63101,0,1,1,1,1,2,3,2,3,3,3,3,3,3,3,2,2,3,2,2,3,2,2,4,2,3,2,4,0.8,2.5,2.83333333333333,2.7
63102,1,1,1,1,0,2,3,2,2,2,3,3,3,3,2,2,2,2,2,4,2,2,2,2,2,2,2,2,0.8,2.33333333333333,2.5,2
63103,1,1,0,0,0,2,3,2,3,2,3,3,2,2,3,3,2,2,3,5,3,2,2,4,2,1,2,1,0.4,2.33333333333333,2.66666666666667,2.2
63104,0,1,1,1,1,3,3,2,3,3,3,3,3,3,3,2,3,2,4,4,3,5,4,4,4,5,5,2,0.8,2.83333333333333,2.83333333333333,3.8
63105,1,1,1,1,1,2,3,2,3,3,3,3,3,2,3,2,1,1,1,1,2,1,2,2,1,2,1,5,1,2.33333333333333,2.66666666666667,1.8
63106,1,1,0,1,1,3,3,3,3,3,3,3,3,3,3,3,2,2,2,5,1,2,2,2,4,2,2,1,0.8,2.83333333333333,3,2
63108,1,1,0,1,1,2,3,2,3,3,3,3,3,3,3,3,3,3,1,5,2,2,2,1,1,2,2,1,0.8,2.66666666666667,3,1.7
63109,1,1,1,1,1,3,3,2,2,2,3,3,3,2,3,2,2,4,1,5,5,5,1,5,2,2,2,1,1,2.66666666666667,2.33333333333333,2.8
63110,0,1,0,0,0,3,3,3,2,3,3,3,3,2,3,3,3,2,3,2,2,2,3,3,3,1,2,4,0.2,3,2.66666666666667,2.5
63111,1,1,1,1,1,3,3,3,3,3,3,3,3,2,3,3,2,5,5,4,3,2,3,5,1,3,5,2,1,2.83333333333333,2.83333333333333,3.4
63112,1,1,1,1,0,1,3,2,2,3,3,3,3,3,3,2,2,1,1,5,2,5,2,1,1,1,3,1,0.8,2.33333333333333,2.66666666666667,1.8
63113,1,1,1,1,1,2,3,3,3,3,3,2,3,3,3,3,1,2,4,5,1,2,1,1,1,4,1,1,1,2.5,2.83333333333333,1.8
63114,1,0,1,1,1,3,3,1,2,2,3,3,3,2.5,2.5,2,2,2,2,5,2,2,2,2,2,2,2,1,0.8,2.41666666666667,2.41666666666667,1.9
63117,1,1,0,1,1,3,3,2,3,3,3,3,3,1,3,3,3,1,2,5,1,2,1,3,5,5,4,1,0.8,2.83333333333333,2.66666666666667,2.5
63118,1,1,1,1,1,3,3,3,3,1,3,3,3,3,3,3,3,5,2,5,2,5,2,5,1,1,2,1,1,3,2.66666666666667,2.6
63119,0,1,1,1,1,3,3,2,3,3,3,3,3,2,3,2,3,4,4,5,1,4,1,1,2,1,5,1,0.8,2.83333333333333,2.66666666666667,2.4
63121,1,1,1,1,1,3,3,3,3,3,3,3,3,3,3,3,3,2,2,5,1,2,2,2,4,1,2,1,1,3,3,1.9
63122,0,1,1,1,1,2,,3,,3,3,2,2,2,3,1,2,2,5,5,2,2,1,1,3,1,4,1,0.8,2.5,2,2.2
63123,0,0,1,1,1,2,3,3,3,3,3,3,3,3,3,3,3,3.25,3,3,3,3.3,3,5,5,,,3,0.6,2.83333333333333,3,3.56875
63202,0,0,0,1,1,3,2,2,3,2,2,3,2,2,2,3,2,2,1,5,,1,1,2,2,1,1,1,0.4,2.16666666666667,2.5,1.33333333333333
63204,0,0,0,0,0,2,3,3,3,3,3,3,3,3,3,3,2,3,2,2,2,1,1,1,2,1,1,4,0,2.66666666666667,3,1.8
63207,1,0,0,1,1,3,3,2,2,3,3,3,3,3,3,3,3,2,3,5,1,3,3,2,2,1,3,1,0.6,2.83333333333333,2.83333333333333,2.1
63208,1,1,1,1,1,2,3,2,2,2,2,3,2,3,3,3,2,2,2,4,3,3,2,2,2,2,3,2,1,2.16666666666667,2.66666666666667,2.3
63209,1,0,0,1,0,2,3,2,2,1,1,2,2,1,1,1,2,2,2,1,3,4,2,5,4,4,2,5,0.4,1.66666666666667,1.66666666666667,3.3
63212,0,0,0,0,0,2,1,1,2,3,1,1,3,3,3,3,3,2,4,4,2,2,2,2,2,1,4,2,0,2.16666666666667,2.16666666666667,2.3
63213,1,0,0,0,0,1,3,2,2,3,3,3,1,3,3,2,1,1,2,5,2,2,1,2,3,1,4,1,0.2,1.83333333333333,2.66666666666667,1.9
63214,1,1,0,1,0,3,3,3,3,3,3,3,3,3,2,3,3,3,2,2,3,2,1,2,2,2,2,4,0.6,2.83333333333333,3,2.3
63216,1,1,0,1,1,2,3,2,3,3,2,3,2,3,3,2,2,2,2,5,2,3,2,3,3,2,2,1,0.8,2.16666666666667,2.83333333333333,2.2
63218,0,1,1,1,1,2,3,3,3,3,3,3,3,3,3,3,3,2,3,2,4,4,3,4,3,1,4,4,0.8,2.83333333333333,3,3.2
63219,1,1,1,0,1,3,3,3,3,2,3,3,3,3,3,3,2,2,2,4,2,2,2,2,3,2,1,2,0.8,2.83333333333333,2.83333333333333,2
63220,1,1,1,1,1,2,3,3,3,3,3,3,3,3,3,3,2,3,2,2,3,1,3,5,3,3,5,4,1,2.66666666666667,3,3.2
63221,0,0,0,0,0,1,3,3,2,3,3,3,3,3,3,3,1,2,1,5,1,1,2,3,2,1,1,1,0,2.33333333333333,2.83333333333333,1.5
63223,1,1,1,1,1,2,3,2,3,2,3,3,3,2,3,2,3,2,1,5,2,3,1,3,4,1,4,1,1,2.66666666666667,2.5,2.2
63225,0,1,1,1,1,2,3,3,3,3,3,3,3,3,3,3,3,2,3,3,2,3,2,4,2,1,3,3,0.8,2.83333333333333,3,2.5
63229,1,1,1,1,1,1,1,3,3,3,3,3,3,3,2,3,3,,,,,,,,,,,,1,2.5,2.66666666666667,
63230,1,1,0,1,1,2,3,3,3,2,3,3,3,2,3,3,3,1,2,2,2,2,1,3,3,1,2,4,0.8,2.83333333333333,2.66666666666667,2.1
63231,1,1,0,0,1,2,3,3,2,3,2,3,2,3,3,3,2,2,3,5,1,4,2,2,1,1,3,1,0.6,2.33333333333333,2.83333333333333,2
63232,1,0,0,1,1,2,3,2,3,3,2,3,2,3,2,2,1,2,1,5,2,3,1,2,2,1,4,1,0.6,1.83333333333333,2.83333333333333,1.9
63236,1,1,0,1,0,3,2,3,3,3,2,3,3,3,2,3,2,3,2,2,4,1,3,5,3,3,5,4,0.6,2.5,2.83333333333333,3.3
23301,0,1,1,1,1,3,2,2,1.5,2,3,2,3,2,3,1,3,1,1,5,1,2,3,4,4,1,2,1,0.8,2.83333333333333,1.75,2
23302,1,1,1,0,1,2,3,3,2,2,2,3,2,2,2,2,2,2,3,3,1,3,2,3,2,2,2,3,0.8,2.16666666666667,2.33333333333333,2.3
23303,1,1,1,1,1,1,3,2,2,1,2,2,2,3,2,1,1,1,2,4,3,5,1,1,1,1,5,2,1,1.66666666666667,2,2.2
23304,1,1,1,1,1,1,2,3,2,3,3,3,2,3,3,3,1,5,2,5,4,1,1,1,1,1,2,1,1,2.16666666666667,2.66666666666667,1.9
23305,0,0,1,0,1,2,3,1,1,1,2,3,2,1,2,2,2,2,2,5,2,1,1,2,1,2,1,1,0.4,1.83333333333333,1.83333333333333,1.5
23306,0,0,0,1,0,2,3,3,2,1,3,3,2,2,1,3,1,3,2,4,2,2,2,4,2,1,2,2,0.2,2,2.33333333333333,2.2
23307,1,1,1,1,1,3,3,3,2,3,3,3,3,2,3,2,3,3,2,3,5,5,2,5,2,1,3,3,1,3,2.5,3.1
23308,1,1,1,1,1,1,3,2,3,1,2,2,2,3,3,2,2,1,2,1,2,4,2,5,5,2,3,5,1,2,2.33333333333333,3.1
23309,1,1,1,1,0,3,3,3,2,1,3,2,2,1,3,3,2,2,1,5,2,2,1,2,3,1,3,1,0.8,2.66666666666667,2,1.8
23310,1,1,1,1,1,3,3,3,2,1,3,3,3,3,3,3,2,3,2,5,5,5,2,5,3,1,2,1,1,2.83333333333333,2.5,2.9
23311,1,0,1,1,1,2,2,3,3,1,3,3,2,3,3,2,3,2,2,3,4,1,1,1,1,1,1,3,0.8,2.66666666666667,2.33333333333333,1.7
23312,1,1,1,0,1,2,3,1,2,3,3,3,2,3,3,3,2,3,2,5,2,3,2,2,2,1,3,1,0.8,2.16666666666667,2.83333333333333,2.1
23315,1,1,1,1,1,2,3,2,1,3,3,3,3,2,3,3,3,1,2,1,2,3,1,2,1,2,1,5,1,2.66666666666667,2.5,2
23316,0,0,1,1,0,3,2,3,2,1,3,3,2,3,2,2,2,3,2,3,2,5,2,3,2,5,3,3,0.4,2.5,2.16666666666667,3
23318,1,1,0,1,0,3,3,3,3,1,3,3,2,3,3,1,2,3,2,4,2,1,3,1,2,2,2,2,0.6,2.66666666666667,2.33333333333333,2
23319,1,1,1,1,1,2,2,1,1,1,3,2,3,1,2,1,2,2,4,2,1,3,2,4,2,4,2,4,1,2.16666666666667,1.33333333333333,2.8
23320,1,1,1,1,0,2,3,1,3,2,3,2,1,3,2,3,1,3,2,4,1,2,1,5,3,1,2,2,0.8,1.66666666666667,2.66666666666667,2.2
23321,1,1,1,1,1,2,3,2,2,2,3,3,3,2,3,3,2,3,2,3,3,4,2,3,3,1,2,3,1,2.5,2.5,2.6
23322,1,1,1,1,1,3,3,3,2,1,3,3,3,3,3,2,3,2,2,4,4,2,2,2,3,1,3,2,1,3,2.33333333333333,2.3
23323,1,1,1,0,1,2,3,1,2,2,2,3,2,2,2,2,1,2,3,2,2,1,2,3,3,2,2,4,0.8,1.66666666666667,2.33333333333333,2.4
23324,1,1,1,1,1,2,3,2,3,3,3,3,2,2,3,2,2,2,2,5,4,2,2,2,2,1,2,1,1,2.33333333333333,2.66666666666667,2
23326,1,1,0,0,1,2,3,2,3,1,3,3,2,1,3,1,2,2,3,2,2.5,3,2,2,1,1,2,4,0.6,2.33333333333333,2,2.25
23327,1,1,0,1,1,2,3,2,2,3,2,3,2,3,2,3,1,1,2,5,3,2,3,5,1,1,2,1,0.8,1.83333333333333,2.83333333333333,2.1
41602,1,1,1,1,1,3,3,2,1,1,3,3,3,2,3,3,2,2,2,1,2,2,2,4,3,4,2,5,1,2.66666666666667,2.16666666666667,2.8
41606,1,1,1,1,1,1,3,2,1,2,3,2,3,2,3,2,2,3,2,5,1,2,1,3,2,1,2,1,1,2.33333333333333,2,1.8
62708,1,1,0,0,0,2,3,3,2,1,3,2,3,2,2,2,2,1,1,4,4,2,2,1,3,2,2,2,0.4,2.5,2,2
62717,1,1,0,0,0,3,3,3,3,3,3,3,3,3,3,3,3,3,1,5,1,3,1,1,3,1,1,1,0.4,3,3,1.6
